,File Name,Upload Date,SHA256 Hash
0,Document_25_jan-1068087.js,1674721204,f8397ed761eaafb900c482c88b09f5de21b4761e054cdff088cd386c58f78cb6
1,Document_25_jan-9075018.js,1674673833,42c01c869c98ed5d3c2603f569ff3fb16a1d077e327f65b23817b96c54952fa0
2,Document_25_jan-1119181.js,1674657237,29c4b99c363ebc95e5dd9a069adb3c348f9bd17fe6aa1eea9d1628b520a7af4e
3,Document_25_jan-5420898.js,1674656348,53b04437bbadb01839a36909b5f00fb003a4ce3ca5e1d177e860cd1e55503722
4,Document_25_jan-4026510.js,1674655476,b660ac97dc6d287abd3935f9c90536df37dd8b9c19b705edb163decd0c3312b2
5,Virusinfect.txt,1674655063,4fd457a14301853247d34c474da4c84daa7ff14e4c529c9d09460b30f3cb28e8
6,Document_25_jan-9274027.js,1674654094,89ce1540b06fff30699380eb54e35f488169fa3e5cbcfab0380f3854d736c1bf
7,Document_25_jan-3127525.js,1674654022,f217b0fd4b5f6d0e257e1d8e9401b7f6d4b799894c15d23ce058b092c6e051ee
8,Document_25_jan-1016565.js,1674652067,e578e7b39603fd5c6a313c7902fe0449bd0c884c365c4a6e9281601062f04207
9,spm_8.20.js,1674634674,58d2f8d272a6e14371a5e00f634445d418ed533288f0a8c0b7d2dd1e16b7f79a
10,Document_24_jan-2422891.js,1674613093,1cd9ed5024d19f779abfe91f49ce16f2f5cd8110c0aee433ff21af5be88523ba
11,Document_24_jan-9746886.js,1674603350,09c26bfe15d9ac65a9a4a73ccaf20c352d496feecb6a7fd3d5ce3b27d16faeea
12,Document_24_jan-9700960.js,1674603088,2667ab4a6c360511ceae6d0c8f4573713ef451bd5c6e9534e51120a2d7e93463
13,Document_24_jan-2068862.js,1674594914,fc54270dc904e3812ae960dff01d933780b5b5842c55c51f2790ce94d71c3dbb
14,Document_24_jan-5892300.js,1674588874,d1d5c38363826b614056a30f142f3909d2cededcdd3880533691f723aff3694b
15,Document_24_jan-4103790.js,1674587649,2230943db3ffc7d30bb913452eaa9a29afbf336eda25f414b77c3d716b591f24
16,Document_24_jan-8686551.js,1674587327,88a6a073591ebb4520218a89aea92b1b48e6fe16bf6b5b6c50502ba96728ac7f
17,Document_24_jan-9395588.js,1674575947,7f19a679f013672bed8ce3dac9131d778622bb739af27ef444f04bd24e5dca04
18,Document_24_jan-8482527.js,1674574994,f476149636ba77a1b024b8da3837fb04408365938d2d258c9ba102ba2e420cfd
19,Document_24_jan-3423858.js,1674574544,3788b1211d44b67ed2efcd409d7dfe8bdacb75fb848de324282d51661e4e8912
20,Document_24_jan-6287897.js,1674572490,d136f70bab26d0e09baf0dd4e09726e9ea8faa805bc05c5bbe919145f1f8ba8c
21,Document_24_jan-2315103.js,1674571991,3836436db248c8021bbeff20068c1b134dac4eb6e93c09452a2993e2f6bd666d
22,Document_24_jan-5230023.js,1674569582,4cf4930cd988ffbf15d936dafd103e6eb9f03140012e45c906ba70280b2eee2c
23,78sd7.js,1673882417,12f345c0e0d31ba734e50562f5a0f003219dc7ab7f059636f7eb403d19855743
24,Document_12_jan-4672087.js,1673561252,7c71ef7ebb45bf0173c07d37274a9a6e8dbb75ef999a2ad19f35b789e5c031fc
25,Document_12_jan-6886697.js,1673560161,b0018e7ffc797dc95dd43739df0c2987ccbe01d75b982dd56da09d5a05a96e6d
26,Document_12_jan-1563347.js,1673550736,721df1c4851bd87057a07b16982617751aa8d8c5db442496f8447c02fcb76e6a
27,Document_12_jan-7698456.js,1673544985,91fd171f426b2a93d859a02b48ea5bcf389461a58c571ce68fa28f34a0138065
