File Name,Upload Date,SHA256 Hash
cancellation.one,1675815263,fe1edb9566656ecf040d58e91e00896b912bf7d3e4734d335de6f9feab2a64d1
Notes.one,1675812959,4e4bf5eac099b51d308a0cb1a12e234fe684b3880358376fe1e39ef07b86f657
attachment20230207-27470-1ti6cxb.one,1675812955,ba4a5e2514b2b105395261fcfaa814c12140129d798c5cda22783b5abce1cd22
item.one,1675812911,01d9d49ca62ab69bbb35b466f00415b02be088d90ecc4f48983e25c2c769c53e
Cancellation.one,1675812264,865cbd3cca49ae2528fdd6e3e30d7751d3250ede1ee94aac7cec4430554de373
Original.one,1675811618,dd509fe46a85937ddc2f543dcf1f8f05501b70cbae3ab96287cb9247abbf9268
original.one,1675811567,f0905a7b0f91ffe19773d3de0ba68c20f62418271c08d095203566eaa3768876
notes.one,1675811137,43d05b338386cb525448a42ac4a021f075fe5fbcecbf6d79bd13257d1be8a33d
document.one,1675811016,5b74053c3ba26191f5d193713e38bfcb5bd76d0c62660bc2cf79b4838cf13d60
Funds_664290.one,1675810821,cce587f0c13f9452fd443ede5b9f739c04dae32d3ca627755503601f878d1fad
note.one,1675810228,c23ca76fe9a956682da71d3bff1cbe9b59d552db3ee909c5ac1fee093a6ca46e
Item.one,1675809873,4d186a12296f6d740bb4e4bfa252e4b9c54b9972ae612005f3e24852497681d9
original.one,1675809805,2a4f521c464cc1d150f4fdcc3d13b5a3ebf41639a202aa5083094135fbb26c09
Item.one,1675809615,f2afb7aa0b667b682c677a1b7cb018c1aae647984348023362ab83df32d10e0a
attachment20230207-11606-oi79c9.one,1675808530,a9b182fc68d1318f5b6db74858697ca1c3982e4e500289b592d31385489a6a53
62a0750ae87bd6445ebc202e442b0820c859507be37487e012b910660050929a.one,1675808446,62a0750ae87bd6445ebc202e442b0820c859507be37487e012b910660050929a
note.one,1675808165,0431255052965d4c5927d672b584d0ecb48e824a8d291eda92580550f03b6a48
notes.one,1675807447,7360b67f06639e782f960a2e6edc0a73c1e73b32c0b01df6ec5360640c010461
Document.one,1675807198,e8a7a948b3a3a26e45d2e9c9811368d04f818a035f8e06db05a7e45f77d7d210
cancellation.one,1675806881,007f3e9786a906d995f7c60db8d3f513e14f78d6245465baebc144e884c748c8
Funds_646935.one,1675806597,f2cdcea0cf921c2291ed56080a12e0365d01f332befc85a68ebbad9eb864fffb
Item.one,1675806487,a9c15b807eb77e6554633693bd9d2f569b4fed5370dccd2898eed77abc3a4829
cancellation.one,1675806220,a81a8806f238cdd4bc4931b48e89b29591acd245ab1d93d3e28ea1cdd2ae4520
original.one,1675804498,25df03911e75988dd3a42c4e697ef944af90d4c028c90b66b105db70b09b831f
Funds_400701.one,1675804361,c2604c6fbc4fdcc77125ba9a367d3ffd2d226ebb3614947e41269f17c46a96af
note.one,1675804296,6456445e992d1630f6944e72e2e0bd23ca3d57665ea15882571d67509c8a9402
Notes.one,1675804162,0ca011837daa654f430ec5293acefd01c1741529ad5e0bb38dc5db761e7c0c7e
Funds_252109.one,1675804122,ce65e0543140a1acb5e691d6d60c542c680db9dc019c4eb0dc6637cc3099e410
Funds_865479.one,1675803155,4b0d0412677337607ca60b3b013301b4427dc0b731e7f92967d235b4570a31a0
note.one,1675803135,0d353edf74c347d2828435ed8651fb8a58432eec3cbe2c36e491005e0b3d87f2
cancellation.one,1675802911,10a21369b0579619975bb8b617e9ba012b1831b2ab81e89a87380d81885a771d
Funds_493303.one,1675802612,65dae7c300d8e8d96ce820da65ee2e3326f552d659eb4aa6506b6770d2b4125c
Cancellation.one,1675802446,4e6d28474cc1953aea06d8f52e3d025fcf8daa7f80bea385d94715d8e94bb57d
Funds_764810.one,1675802364,dd6fda4236eaf5abf560b87a2265982fd42381e006f2e7434aefd72df9a5e859
Notes.one,1675802331,8dbcb060d8faba82aebf7bde7459945d170b47d996f2e050b85ab6444051b053
note.one,1675802239,e376b540a95b81b527010a5bb445db0c00176823c415d1e90bc9aab8acf7b3c6
note.one,1675801827,4493acdee976e40baddff16770f53c23943cfc061870a8537aeec74d9c5a59fc
note.one,1675801758,d8a29b0567813ec5719beb1394dd0796c10885751f9c10f2a93b2d2c7da5b969
=?UTF-8?B?RnVuZHNfNDkwMTkyLm9uZQ==?=,1675801700,4fc243d9f84c97961112eedf68612fc3c340ebdaf9a782382c471ccc2dbb2744
Funds_293523.one,1675801561,7891cea2c18416513b139b178fc9261254ad8f4876a264e2dbff9c6c21d0b5be
Funds_189602.one,1675801544,29f423c91194bcd2ebbe263cc17c167a53e3e35066545b2c16da1f5e56d2257d
Note.one,1675801144,bbcc857f7cafe1e01db3e595693fd545e4b36c3f40144dd0ac995c1e456de8a6
Document.one,1675800561,7351aa5a67f05a546205b66e2fd906045f887f7e6a3db3b18fb51d4aeecd051f
Item5.one,1675800526,c3a58afa86de5a0b5c64bc2b44df136c2367c517d3674adc34262d8d41868014
cancellation.one,1675800414,08a825005106b3159db164ee2d03548982592af4117b0ae1d10459291be66035
Funds_462592.one,1675800255,1f0f2386f8c976de6ae31d4f0b0278ad81c4e2a9cdb93662ed3b28af9d9d4ae6
attachment20230207-934-952o28.one,1675800140,415b96d0bd564e60a9e5b563f63ccd5d5a7b1b9ab5864a8531f26d1789207c8b
attachment20230207-934-1ugwpp7.one,1675800138,b8436feaa7b5ecd2663f10fa11b05de8eb504a31df0c76964054746ada81e037
attachment20230207-934-l0df75.one,1675800137,59e2e235646b19ff45791a266b50df9d15776135ae694896fe05c65661f01402
attachment20230207-934-1xz1cak.one,1675800136,4056d4080e1fdc91c3cf5f52b0ac32f14f8d406d4b121f13038f467a978f73a3
Note.one,1675800035,01d4e83fbbef66e2d0caeb35004740d08f2cfcaf382325cf01c6f7b2f8b20116
attachment20230207-389-1pim6oi.one,1675800026,d0401ce53df99a375cd8e1b1c208fe7a8b9277999f11cc5ae769f47f712df858
attachment20230207-389-hedy1z.one,1675800025,a04991441511bb460b48848a79164b4db4467dd8370abbd8e3b4682a91c6c7d1
attachment20230207-389-18jjnt0.one,1675800023,1b8fa2c65e73d4cd9e9dc9bfadd97d5903da5ceee300d1b77b054b459124b596
item.one,1675799920,352bd2d2470e84d0303307a86889bc4422c691e83b40a401c839c1bf2efd904d
aba45b11-90dd-4c43-ae50-e8382b853def,1675799820,0304fb620d0cdf6175138120abe6851c9b2b34b5a2dda51523d4fe252df1a0bb
Notes.one,1675799610,e184f39b774abb9107b2d7b65d4c567ef1f1c8753252714d29c8a1e0db46f586
Funds_883997.one,1675799512,62d3f0012a40aaeec00b40d12e300b97bb50435d00808520b783c2781e60d458
Funds_268124.one,1675799492,2fa0fa2f0fe5a2ea62e60ae812ddd3768d358f5ff79f93f437e6eb62991b0cf9
document.one,1675799413,05d7481dc4db061c2035f50bd14cf9c966a78ee5e4109e09d423588ed893e5b5
Funds_518336.one,1675799195,d95750e1314acbc705edd696ee0ae9136f52ee2c5b7a54762cc139ec47b11254
Funds_470889.one,1675799170,10e4a345d1f1abd37da9b0ff1014fbb7c8b39c78fa348e60586ebc7bec99bf1b
Document.one,1675799168,c44183742a6a0a07b4a7ef0782155e6d3dd8064d3043080d5ddee206564bbec6
Note.one,1675799156,0a88f418f34153492b35750e661263bb0e74e2679aa9edac6d5a3b09a91a889e
,,a2f53cdbf5223d4efe425fb085fc4a39d0ce431c8b9f8e63519250ffdbe321ce
Original.one,1675798953,c28e32ec90cb46bbc66f9a2b3ff331418ec603433faf286bb51c7e69b2fb6f4a
Funds_503573.one,1675798790,c6630394f70c37f520556c6599932134acdf08b7579ec940bd0aace6d39d897e
cancellation.one,1675798667,c6e95d22747bd7ce95db278d76b2dc560f0c283f29dfd680690b1b5eea557423
Item.one,1675798622,8ef85850109560e5191eccd5f3931a4828f0c6f3e9d9ad5b0c1237dd6a1df4a2
Item.one,1675798561,94150f1a7e559a0e3531d6b0fde52915d9d634ce2a3adaf108ae8c4808e1eea5
Funds_478053-4.one,1675798559,5e8a0c64b00e49dd307253adee877d09ece819e8e8edb4edeb488215dd0f88dc
original.one,1675798439,ff07d16d0419f1ed1e9fa16a9c3bd2a74f9f05a87924df64f6f3f837a71f4786
notes.one,1675798416,fed9fe6f746ea7e7d54cc098133352c70c792a176215e1c3743342fdc454ae53
Notes.one,1675798250,dc59e67d6ff0648a62bda280ced3b8c0d72558a6840982f85becc91ae1fb35b4
notes.one,1675798214,713a317cf07f2eb87d069961adbcd537c599d939b02659a0e9b47a39e17e1b75
Funds_533268.one,1675798088,c795fd21048a0a65f2e878f6cefd2c8790fcd4bef925acac6835e5867979a4bb
original.one,1675797985,9c708584e122ea90957e0bde4255e89eb4cc08f7bdb8328d43537acb2ca36b22
item.one,1675797946,0a9fa442e97d3ff8f351afa379349704f21da4c1da417d96c530de916dcf3b86
Funds_695003.one,1675797914,bc7430b69d4a84a99e8c0fad560ddc5739db3de05f9a4764352007db9f4074a2
Funds_303106.one,1675797780,a7c07180ba1b32fd6273cc841fa0eeb1f544fc702756bdc1d40560bc25a8bb94
Funds_825437.one,1675797583,479eddf07387d327a1b01b9d639d8fdac02d9533a3e14ce6a6aec40908d571a6
Note.one,1675797492,de8f6920af99d992a2fc9afdd0ab4306bd7ee5b65a7d50c7af20b1035c2c3429
Original.one,1675797469,534df3ea58853f40aca012be821517fc8e3d71a4ce9abb98779d2d19bfc25f95
cancellation.one.malware,1675797370,12307f9d2902faf0d1dfa7de4b2754ba7e0fabb84c76dae7f654a14630cba877
Notes.one,1675797319,f2bcabfcddd31de243e19795d8bc2bff1a897a552897a36020a64fcc30266068
Note.one,1675797257,7e02790e7cf903d628b1b644377dfa365c97d37547cf639770a6828ab2a4ec86
Note.one,1675797247,4183f2c38adb5d9a868039b7773b2e5feed068de2ac80d66f9ea6782cee44bce
original.one,1675797179,046e650b55ea0720fab11225b2dd4807fd77d24c18d63d7b917a09887ef57470
Funds_630223.one,1675797142,bcca7b2e2e08ccb77d6216ab035d2d1fb4b6df8bcc63e5f6a7cc6dad2c954e90
Original.one,1675797110,a8761a7615773f0e3215b6a3335a587802026f9966af6c1fbf14cc746f7c9df9
Item.one,1675797093,76179700b4591874edb5ab5f7e1127b8577a90d5d739d10fb20badff5f6a35a8
,,4901c5c539acb44e700b827934e1dcf55e0b026362c6a8d0eb57f06a20ab71e7
,,bd48e819ac5570a5f0da6b5913be9e2537da88d2367c387731d4921e6fb8a65c
Cancellation.one,1675797057,92f57a6b63d0f9a97784053f9aa2439415b5a0d1dd495bdfcc3b5fdbfd1f9c80
cancellation.one,1675796873,933db21423b30e42cf30f17c5be861cc231f351c7019ade81f1a692e9678eca2
Item.one,1675796804,99101757462bb438de4c4c8611c4e71543e39b97d464eca4719d31cb4c925c2c
Original.one,1675796771,37286af2f74b5e3ee710553037183ac68d091d29ffc36607aca5f792158c142c
Cancellation.one,1675796669,399a1fd2a3c632bc09d4f667bdb1442771f25f33a19408ae2615117bd4244707
/home/farm/anteroom/974/60e/97460eb4cd126e64c48a253b7303c02abdd9e9538cccbccb206d8aef0618b2e6,1675796659,97460eb4cd126e64c48a253b7303c02abdd9e9538cccbccb206d8aef0618b2e6
Funds_189166.one,1675796531,91286a4e97646b548def0adb33cb801bcf7960a65d38841a304a54ba1846bd1b
Item.one,1675796498,72c9222a8eae33b2ca249bc238550a59ed15d1a25e3f7516dbf0040e0f65cb0a
Funds_446249.one,1675796193,6bfa2497547569dd5663e84b2069171bb73a9dc62310d81e2294d0d5050246aa
original.one,1675796150,e948c54760750c51090f128dd412f836a14696953490bd69baa436550b5e603f
,,3c23faa0841f5a751a57bd77d67ae6a265c420fc676a827827a8f69a61e1a7df
Document.one,1675795822,959cc3ff94aaa54d34ac9877b2ef088298d01b4c19b2a3cf628a10a1b518cba3
Cancellation.one,1675795719,232d71c5244c387a7f285d104c23d85914db49fb67ec93f63084087acdcc3b00
document.one,1675795714,a53844c3d788ff9f1518b64aea3e329a5f5dc1d0d73bd73df5bab399f14d7c02
,,186d8c5116bf70d511c4682f123b635394db1ed1fdffe550677cf700e9bdbcf9
Funds_430556.one,1675795642,dc7e541ff8c174494c4d24e860532211bd073b578b4bb5db78df4330816ce9a8
cancellation.one,1675795589,2a6cf4b66931bc9e34614374ad98aeee6078e2a9eba85403bb086306788cd3fa
Item.one,1675795546,31d679e5c1a757d5cf40ff313af90edd6254a0dad8e351b57ef2a14c72ad53e8
Funds_575472.one,1675795500,044fa3e47ee9e99dee6dc1b9181f65f913bfa11e764bf3e782f2080b205f9301
Document.one,1675795362,8d9d40bd2263a8ac567d545050a4c8278d2a7b032b9c60d0d4e13ec5b43d333a
Funds_785889.one,1675795348,83f40944f8787d15bbe0e52c9de7bade147e6582f7c85f3feaee63029b4596b3
Note.one,1675795243,2de9f1aa02e0ac39144147b1aeb3d76249521d2cd577773bb2ec592420cf656a
Document.one,1675795162,2c1c5786e15913184432db305a058a38304d65ffca91a26cca04d03d69c8fbe6
cancellation.one,1675794962,738d04336f9605ed9ba665f42271050e0d102ace88d5af108d2a8e1574fd11e1
,,32ad60ea43b7cfba65abb39259f49bc2967dc80179857141ec66d9b8435ccbec
Notes.one,1675794914,862bcccd0a218e64958e2e699d9228fd2a434c111c88580e1c667640217db13c
note.one,1675794854,aa7255080d25e8eb3c634e2dbdfbfcc2a2be999d35e83b2433180298b12aecf0
Item.one,1675794817,dfe213c7031d02f38f4f80542f09419c4b646e8f1d833e686dce3b1e394f19df
Funds_795971.one,1675794657,2a27c82d29cefba574df7d98635fe564ef7fc6ca5d0d618c2a86e58b10eb1621
attachment20230207-11891-1b0kpb6.one,1675794584,3d3d8dd0439b5981867cdfd52a80fe82f1e869d108f78dfedbc9a0ba75fd1b38
original.one,1675794441,d0781399612025243cf0a486b4efd315fafaf4fc5bc20e7fc111de66aaaa150b
,,7cc80726514b89a3b82c57877a0ee0eaf991c6c3b184978142a47804ebf7320b
Funds_253410.one,1675794302,ec04d0f991e969a9e44aa7f48771798b29b787ecf00cad71faa3903b11351f48
Original.one,1675794073,8a0b7e2dd6c69e0258bf4a57fe2fafca7d48a474731645e5ceae4b1857a6971e
Notes.one,1675794051,80c474a4883cd1f49103aadd97201a8b9b65cde8f1f993b6f81de2296dff9868
Item.one,1675794043,e64b6ad94ea9e478ca0062616dc7171a57527984e59855debe0b5b69851383cf
/home/farm/anteroom/200/bee/200bee2ee27a7cc3827090106b791da207b4eea9663f12cca5513ea88cc85cdd,1675794020,200bee2ee27a7cc3827090106b791da207b4eea9663f12cca5513ea88cc85cdd
note.one,1675793987,3a052ba924727563835b40f7b22c70b53b5fc3dfc965f20aeb0c49d88b120c5c
document.one,1675793565,be206ba775357e41e3f3d45c3f825b1d3f366211cfac91fb4aff101e79848052
Funds_844164.one,1675793447,893e8457ed88a068611396aa21cfc2b8336aef3efd368360e634ba5f25d2c182
Cancellation.one,1675793440,a98c0fb1924d686a662cf263c2a2a3edabc8207023aef5563b9a469276e30f1f
Funds_142897 (1).one,1675793376,11b653e955714b27f6bb99769d17f9bea19270cd96e6682d073f8feb63f33055
Note.one,1675793173,932f9d5d1c9cb5bd34d44fc66609da19d6017dcc9bac1f890a033bb8a5216725
Item.one,1675793108,aa1c2766b83309ae6b384b34a0fdd35a355bdf3b8f92184ddd1769707f4720e0
item.one,1675792953,ed7f6948a876db864541ca7ea6645a29588f0685a4d55b733f55b6bd0ab87db4
original.one,1675792927,4c2ed01d4c05cc655037b8f74ce2be239f1547c575113ee03f3a6e19c46f6d36
original.one,1675792920,afdb6809a5f973706afab949eb16f1bc95d7067bb70d8063b964a0c13d6c20da
Item.one,1675792891,db71ee282cbcef7712c4a176aa8914afd98eeb720e600990922064713eb25396
Funds_568336.one,1675792795,9ba3510a8221bc5fd90ee88f88ad8f347e941683c7fcfb4f16751f0932303181
item.one,1675792714,7164c1ef132fe245b8938cad533ba91f91919536e8298c5e264bb4431a8b2681
item.one,1675792681,991559e9e0e589b24a5d3f21c2b4046e6feb32bc11bde7feee5a86781c73de80
Original.one,1675792614,d978aea4a26edbc3f232f88433417ccf10f9c6f218589bcc77539d28a0447e97
Document.one,1675792556,32e22b33054f2f304b581d7d65c4e67bb34f397a3a6886532982949bff328d63
original.one,1675792507,86dbe98e8217f3ad68415d2bd6e6f4f40a4469db59e22d5f443635d6da7885c4
Notes.one,1675792505,1f39ca1879da783a83512d06d502b48058279249148d6e554e934f7a2a346aa4
document.one,1675792493,661d73832d2c1ac0519264b1b512ef148c8aefe38b6792c35d7744b5ecd3d2f6
Funds_707391.one,1675792452,5aa4e1b4dc39e55bee168d33fc9a143d1599dbf76644f3a8343ac7afb7fd0bed
,,c80db1dd3bc8910e6efcb9fa423b9d43070c501b379df912c24f64efc5cc036a
/home/farm/anteroom/459/5b8/4595b805d655a9d5d0ac729d095297b50e0ef365dd767000d33b17b15f2d81d3,1675792222,4595b805d655a9d5d0ac729d095297b50e0ef365dd767000d33b17b15f2d81d3
,,ad3af70ca9d1dd25b92eef67d96acdce139f25e77421f4a0659825b602e1a26c
Original.one,1675792114,18dbee399fe3d679de7e5beb9e29ecfa5171874025442196f634b70b80eedc68
Funds_563877.one,1675792106,4d38ee4ec59744bc7ded8f28f6b29240855dc13c4f0b1c8d359f0834bc95e3f7
original.one,1675792040,acfea3e077ca1b6c4311707f9645c6cd740d2f4066e8386f9064b7199ac74d8e
document.one,1675791886,dc6437cf3634b354f784c9927131f22a29a4e8b0f711f71dcebb2bf04bc37e14
Note.one,1675791878,d12ccb6f8396d8b4e827df37d9289cb86b1419dcee252a5e305396c7e7fb935a
Funds_773678.one,1675791863,edf93db5fb41298ce1615b36394c34ab8ebbc9e391ff4b732b50b1ac71bcabfa
document.one,1675791815,757b1f5bff720326b962405ac7a6a8957b6be57a77683ac3e3338ddc921c9973
document.one,1675791770,be8f39e17db51707575053f06d79517231d6829ba5733e11cb56c1dc7f9d55b4
Note.one,1675791743,6d26312b51b3b46fc6f92e786443f88c2b59521f5a49988f57841bcabf7abe4c
Cancellation.one,1675791625,6401971a4f78aaa2b0a2bc6332a6dbb2d1453b75ee4f26b9758bd48f93cade6b
note.one,1675791588,c35bc604356931e01258c1a553dfcde742eb86f8a74c0caa8193d992423de484
,,fba85d10f497cfe62d9c4ddb33942e43fc3f1adc1f2fd7c7e745826e2966a834
original.one,1675791519,91ed6457b3e4e009dae85830024be15f9101841d257f9789f5b3b33b30a4d173
/home/farm/anteroom/597/280/597280be7833d9bc82b5665205c25968ebb77d605b7d8a8781aa42ecce5cd65c,1675791383,597280be7833d9bc82b5665205c25968ebb77d605b7d8a8781aa42ecce5cd65c
/home/farm/anteroom/25e/e3f/25ee3fbe7c69e364be10efcef6144fb92410742e1120b4d6fdabf7fa57b47505,1675791380,25ee3fbe7c69e364be10efcef6144fb92410742e1120b4d6fdabf7fa57b47505
Funds_858434.one,1675791358,dd10e2aae54259a246053922cf6b38790dcc156c2b5c01e21528c3827168f8f7
,,2d134af29b729ec384ea372fa5e70704d3604669e6c38c91522f3f69246887cc
Notes.one,1675791297,3121e24a33897d265264476556555ad9cda4f81fb988e6f87545053a1f7b2a18
document.one,1675791185,dff8265a566974bb04eea9957c9031643fa61c415b3b19f7ecee2407c14fcdb3
Funds_651993.one,1675790995,bb72e8c9dde233bb578b6a48b38a5c16faab2ce5ba02dcc1b1de42e2af4b91bf
Notes.one,1675790859,a3cc95de9aca9055872d1bee8fd9c3b3e9eb1aef5299e80d2a9e114448cfe34c
Funds_504472.one,1675790782,751b7e88fb151e3b3207795f03cedefb54a21be6f8dde58df6542bf1d831b6ab
,,c98c1155a9a920c1690f4d61a1b045bf5a1bd4c5ecfdec31b4fff1de94040dc0
,,9ccb28b0568778c2c67524bfbaaaec2bd1159fac5996d7638232b86991019b16
item.one,1675790717,f51968891d07410c6fc66990ceb4a06b0c04ff15c2eed4149e77d3fe153344bc
Item.one,1675790705,94d5672a0d5dbd8aacf3d91d1d88fe950003e9daaf31c475a0d4191df24dacce
attachment20230207-8833-10yym3.one,1675790627,9543210e810a70b7f1cb23b2fd526a4d405aa5f62bee6b30dbb0dc2389e5c38a
attachment20230207-19913-1aave1p.one,1675790625,711bcd5d90ed691ff44ebf2ca5c54689e784d6ea1eb684ebb833b003e0e8d8ce
Item.one,1675790514,c907b214832de9b0315563d30fe4de249df08873d7fb785e831d4e6688d717cd
document.one,1675790508,6ad9bf64be5e3b5c692f8d8f4dd95d29ac3d224b931343ec8a15206ba2febf41
Funds_352977.one,1675790473,71daaf17e4f74ac0718444deac70e1c6f28dee26588272c3ac83f55c6e7c94ad
Item.one,1675790449,ec79e6ee944aa5ce4fb338d808cce6e38ccc84405d6dd6f45d187b476e22eba9
/home/farm/anteroom/c74/4db/c744db583b5ff1c081353741d2dba7f7f08748a18dbcbcc8aa47d9be7e687020,1675790421,c744db583b5ff1c081353741d2dba7f7f08748a18dbcbcc8aa47d9be7e687020
/home/farm/anteroom/e77/6f4/e776f4019e0a811af29df67870a37886a043bd8c2b480e4cd2fdd3839a7c1a72,1675790413,e776f4019e0a811af29df67870a37886a043bd8c2b480e4cd2fdd3839a7c1a72
Funds_246926.one,1675790412,03e52dc58d7fde595a530443edc23fb78bc8c98e63a1bf6931276771cfee7033
danger.one,1675790373,6ef2ea5e88a1fef6155a5c08103390846b692d76096bc0d18dfd1d41c67dd87c
=?UTF-8?B?RnVuZHNfNTk2OTQyLm9uZQ==?=,1675790365,87929e73a80bab6ef91e29a7573011dcbbcb4e66b3dd8d1271f1ca9b263e03c8
document.one,1675790313,44eaef39fbff85b173fbbf06ccd229b7996cff2c72f98964f589a3fcf2054be0
note.one,1675790299,d22adfc4e2efe53ac80af225a3da53916a4c45c01bc266702d6edc6fb66be160
Document.one,1675790269,7f630b2eb252eb896f2585584623f89b9ded15d04df87793233388350cb639fa
,,dbdc169c9fcd5140e729a74ce500e62c7213d343cc2ad040477e26a71324bb80
Item.one,1675790244,73e2fd31d8a3a3f6c815152c5be84b36872f04fbf18d571ead64c3f0cb714ab0
,,6d9c6d471ab89766eeca10c8870b056ed04ece0e22276607eb997b0be88a0bc3
,,ccce691b54ca8fac279aa203e1955dcd5ec221cbf329ac676f2621b1dc177c28
original.one,1675790038,0597bf2115723c54580bbb3717628d67ce67b3e080d14958cca367cdef65fabd
Notes.one,1675789917,ba269fd1ee00f60d147acbaf70a1c17c2303f35907b611992725e616ff74095f
Original.one,1675789863,aa99a0fe456b296756a2630acd8cc0dddddb90e84592f2c51dbd7c1782ea3df6
Note.one,1675789783,4dcc3cd17c558cce97ea3bc0f6305242a44571592daab9ee3505e6e2e50d2b16
Document (6).one,1675789750,d6c7d92b25eff4df6356f0e6294f649edb793c0ce903729aefe9324e5a802718
original.one,1675789738,2d1db3075471a1c04cc11b8883e31e1c2fac9039ee8fb34d0914fb3651ead69e
original.one,1675789681,7be64f16e61e7223383dc8f6b2d10ceea1b975338cb2339812bf80737c04f76d
Note.one,1675789657,86005456c062b783cf0c57b4291032f95a780e5c6ac6f0b7b39e0afb227d48c7
Funds_536761.one,1675789619,c0a54075329d0868d544a73010b43d0b31d3f33f649a3a152e28e5fcb528064b
Funds_302925.one,1675789608,c68c61076e07f7cd7b2433082a5baf776467e6b037420b51641e19f2b065cf1f
/home/farm/anteroom/87c/160/87c1603b124cd68f6eb36538c441329393a043bdc02653b93171541d1274936d,1675789589,87c1603b124cd68f6eb36538c441329393a043bdc02653b93171541d1274936d
Notes.one,1675789500,167228fd7d33a2145fa1c7ee4e4305beb7ce3d72d35343f83621613353e61e16
Notes.one,1675789499,be47ff8e79c2aff49ca6ddec82031e5bd5c969b09aa4c3b95ca22c0fecb91b1d
original.one,1675789337,e01894cc7a061c88fbc749253215dbe86de38d2669bcaffa4e7a64523dc4eeb2
Document.one,1675789233,8fdbe334ed95a1fa65bf79bca548cc543f91009a98be7b4e7f737eed07e4241b
Document.one,1675789229,f7c3854cbeac15fa6bc8e91c6731870ae479ad761815dac9a0f315b5a1bc532e
Funds_298102_spam.one,1675789211,b1431b5aa28db82853b070d10c2c81cc4ce669017fcbd7b91e0c3d4768dd0470
notes.one,1675789198,1d8be15220e6fa9f4af5be78486e962b1a216aed39bd7575f1ddbb52615785d4
original.one,1675789151,df26f0e4539f747bce8c67c87b2c01fa8e47760b6a74e776ea5057353c95971c
,,542dcade806f2f35fca42f56c62211a8aa52ddb335e5e91cfcf39ebb090c9a26
note.one.dontopen,1675789100,f73bb876d5ef547d53fe800514b7d163ea2bf2029d96183f98d625625d9f06eb
original.one,1675788995,7a8ec9f2c20e7850adc24d6ac061daf068e89d2c470ebfaf3a3389d4cd5d4f5d
attachment20230207-154567-1anota1.one,1675788976,9f2f9f1a9ae3a3f55bd1350cca65fd38959d9589515b9275c2871c4950aa0cd5
,,9078d62a4eb7d34a62a9cfe0d8794ed1ef70f8d9169ce1662221aa666b5903ec
Funds_325988.one,1675788935,c78e30befbaeb2971a72a253d8071abf1c5cb95c974af843c1e9f3d0ceb98995
Item.one,1675788925,c3b51a37762c2208863dad92dbe90c32bc8cf5c9782226adfd4511e221bb1c5c
dd2337087e0d24b3ec407be461779a7872e5b7e8b993aaae2df60e56f591d362.sample,1675788831,dd2337087e0d24b3ec407be461779a7872e5b7e8b993aaae2df60e56f591d362
attachment20230207-29023-1bzn45k.one,1675788830,967f1ce656ad36baf118f6448677df98c5062803644d4e06dc69bf3e9b4b88ec
/home/farm/anteroom/517/787/517787dbae9f8e0008c1471547ebff1324ea2e87f92671d9121f0b0a48aee0cb,1675788811,517787dbae9f8e0008c1471547ebff1324ea2e87f92671d9121f0b0a48aee0cb
Notes.one,1675788811,7889819655c6d3c1143d7eaa19a437bafbb450a4df3ced8415b384f2934b659c
/home/farm/anteroom/2be/f9e/2bef9e4de111185038a9f38ca61a26ac3ef1e322a30763832906b186ae76629a,1675788806,2bef9e4de111185038a9f38ca61a26ac3ef1e322a30763832906b186ae76629a
/home/farm/anteroom/846/f43/846f437f7858c6813495bff6c71df66c4ed4d79c20e14744e27c5cab0c15a91c,1675788780,846f437f7858c6813495bff6c71df66c4ed4d79c20e14744e27c5cab0c15a91c
notes.one,1675788747,bdf8810802097d07f6a4b1f4f5f69b9d1c05d06e7b030edd5ca8e79065ea604b
Funds_262237.one,1675788713,e40822177ad019506c3414d462b76fea0b4dc3f09952f0f8c48f2f0e6d7ab6dd
Funds_694845.one,1675788685,5b226d9094a72a13dcea868873eb0d7f1f7f2227328f59f9993a6f663192697e
Note.one,1675788684,fe2a5fb38eaf38ea43e15ff4cdc5e3c08dd7636140aeebae2e6b7494fb142a39
,,42968ab6f93d0ffa59419f76e8d27ff90235f3b7353ceb57b24f5a6aca3d705c
Funds_718637.one,1675788580,86f46ec8391182e833b6f2093fcc322e4345181a7d223c3463a89e27176deaea
download.dat,1675788515,4e52747776bd32c418b22239994edc172c8ef8241685315950ce9aecfe0b0e32
Notes.one,1675788508,5124994ccf10db9215d00cc3c9d2c794e7e4ee2a780e9e6810b33be089da70e9
Funds_149078.one,1675788434,7fda1b4e93362f40682c8a485f530c26af59aaf5acb7402d61beef2916c1d22b
,,f1895b63039b496b14d889b123bc22b67963bb0c866f0f2b5401d004731a08d9
Funds_354623.junko,1675788377,f9a7b3852d1f46f5dab291542555a729aca15d39bca80a990f44d6450dda76cf
Cancellation.one,1675788353,3e4239e302907333a3702dab336504ceac086da74ea602774909dc9629344cd1
original.one,1675788344,abd436de9380498572e42b1da2da3e113f7170e8b202ed9fa07080f3284c0ca5
item.one,1675788250,0d62af23cafd60ef038c017e827548a852a7cf7614ae2c63a84bd6a0af248545
original.one,1675788241,dc57e4363caf1c552e705629074eab4d93e3a871eee32b80293188dc69bece4e
notes.one,1675788173,4fa22866d0aabf145cbbbd5231f8a792c1b92f933c8193e12d87a6d310c1bc32
Funds_372881.one,1675788162,1abaded66b5d693af5a0af24f28dc3f5f891fc491b733f3aee13ff70c8031406
Document.one,1675788131,526b7258f4fd1d1596b42c5cdc8047317cb671688fa2efd255f0ee2b25ba9835
cancellation.one,1675788113,36a7835eb6210d0ced1a93d32e52a693b346366788e9de68133fa80249d7d51f
cancellation.one,1675788025,f656b87013e340158d708b4b1a99fc178099512c41c5711c5f9be45fb8599d93
Funds_484217.one,1675787982,122a6a65b727579ea3d8c222b83bd3f64fc9deca3cdaaa29eec4e293139f7923
Funds_313570.one,1675787962,53bf5824de11f44e14a4e32f1750bc4136782646316ce70411fd6bbc688c45e2
original.one,1675787801,2fdb5493c61fc1c6321285b7c9f37465b284aa2626046b0ab6f5041c48f1c466
/home/farm/anteroom/1fa/532/1fa532d99cf0aeb8494274accb9ad6cb7a6cc4f5ed8000ef60300c4ee2f4f95d,1675787787,1fa532d99cf0aeb8494274accb9ad6cb7a6cc4f5ed8000ef60300c4ee2f4f95d
Funds_886726.one,1675787754,89aee69db32297b4ab7ca9aa732f13eb98022d5a23751dc4f5797f367fa1dd78
Funds_301867.one,1675787644,f24bf11c56935a8452d0ee437c91f8bc85f614a37dd8e8039155679f3b499203
Note.one,1675787633,234b9a3370d99fd351d74d69e3fb8a928ffdf3a550c634f9f02ad5faddc1ac04
notes.one,1675787404,e08505ff9cf626209ac32ab61b598d47c053cab0fe8ac88b49114c1483cbdd86
Funds_844389.one,1675787385,81516ead4b19395ec69fa72b13db34c9e24f87fd49ed2c8ec0cb3705c1fbc8a9
original.one,1675787372,15b0e568fd3a7e84a1bff54df6f93032a73a8b39c05ee731bd578812e2a90c2a
Item (1).one,1675787238,d9391f6a66c310b400f8f0d9c882c6d0e0295b9effec032d29173f4d3531e4a8
document.one,1675787212,5bf142e7dbdadc672a2ebe598011f67735a92e95f338a3d9406cb696982ba415
Item.one,1675787201,2a3760c69cfbfbf62595901787f59a8cbf7f57d899cd9340e5a04b719ec0483f
Item.one,1675787164,12d0cc265a85d304104cf8c11ff24d03def19f54dfee9df8eeeb8c89c2475cb3
attachment20230207-30509-1ykt8z.one,1675787144,3ab316d4085d59e6c7f674c4af462c336426805ec244b6d9cc95e002931464cd
,,f0ef8065215483c578b202e0ebabb335cd9d7b4316c35da5ab9a86e48938e24c
,,efe4bd8d30949b9955f41e03e564531abcf0b3327410e48fd33dede0a8968d7d
Document.one,1675787047,7d195c71809d972930b532741f5f20144f958f2c2cef982da1b26aab6932ef16
Cancellation.one,1675787027,23803f8dbef1838be7aacc4e1e39dee5e073b78e3b50f1e8e265197a0d1ba20b
Funds_596044.one,1675787017,6f868020e12c81860219bca9f093539842c389305825112d39f66130522cf4bb
,,e1f606cc13e9d4bc4b6a2526eaa74314f5f4f67cea8c63263bc6864303537e5f
/home/farm/anteroom/dc0/41b/dc041b74435cc2ed650f31c28b2ae75970d9d3f2dfdca0e2210ef1857fcd64d1,1675786948,dc041b74435cc2ed650f31c28b2ae75970d9d3f2dfdca0e2210ef1857fcd64d1
,,3158f75ad5bd5a2ad9d7f30166d5209478e9022a199fc3703b2061688ed31a0b
item.one,1675786911,f48ff3844e2edaf5bcd23d25c34997edfa6827d4da3eadf7793e79b7348bf76e
attachment20230207-28902-1gp0b5o.one,1675786905,fdfdd61f166546ba907b13e2720dcd3906644eeedc40e4f7c23004c1e7b02018
Funds_384509.one,1675786889,778fdbff6a2aac0618f9f301c559a17de868966c72146b80b8a5fc2cd6933982
original.one,1675786850,485cc52f63f10ec65cdfc9a1039dc068b6c63ad7b72cfc644f4a8fcd95a54e37
attachment20230207-28152-1lpdalh.one,1675786785,8f1e8087f65ace68b63c8cd629cdb80b966e6786a5c2dd6d5db1741426579030
Funds_470057.one,1675786777,0afdee0f66dce3402a346288ece6660acf75e6e529416fa52c315ba0e7e35ad1
note.one,1675786701,7ea3e2dd5046621f3cb36236849f6bbed2229da09e99f7d423c9b6f5cf886353
Item.one,1675786697,0bbcd8ee6b9a161e3310031f09269de3013dd3588b86ce6711ea9bf7c2807b4a
,,8ebbb0f3a53e53b8af9d94223c336add2df34b99add2c37b15c93a144c381a61
Original.one,1675786656,38d09b7314fc952078bab987d0e9c0964cdf78cac932cd28e5f789546451be91
notes.one,1675786645,d021f495a1d38cb4d4a3b443b3be442bd1ca08381ff64861dd3dc4136d3856c5
cancellation.one,1675786641,a8433a22e6657d5f59ce8afb6a8fab4289aa7f6498ba4145cfebc6ed3d063998
a.one,1675786587,8ddaea660b81e8c8f41ecedbc085ae3e41fc307d51b560276c0612ba68c3d2e0
cancellation.one,1675786557,caa9cef35c014f5da6da8bb44e3467dfa2293506339f5aa640a07046ce291c40
note.one,1675786550,1e67e63ea1c3e0b9c4c6f01186b0a3451b220b32f0041d916c800f9600d5a611
notes.one,1675786326,c992e52937526f04f3400037c21280e59f322cec562c40fa80133ec7bec6b9ba
Note.one,1675786231,2b07cd32acc54d7d6418974a83b5220fb98815e1edb7c1157407c5047de07e50
Original.one,1675786230,d66a7ac3dc067e065a33ed3930da0a0f15b42dff486f190eafc07c851b1eaed2
document.one,1675786221,2e443daf37fca4aa935e645814477f8c89faf62ac98a5f0e3bf1b3e87c6c9c78
attachment20230207-144874-1wyyjdk.one,1675786217,53effbc3b9cab88e70164813bc67cd2a6bcb7f5388b70d5626a931070f0573e9
attachment20230207-144874-sjitxj.one,1675786216,0467304bc66335b22b5f9e07e46026830567d894c69ba9a50d9317ca195ce030
Notes.one,1675786205,a4bd2c8c0336797b9b3ecc91b2eed654ee1cdfb6eee8cf8f43716d7d6a06ddd4
item.one,1675786157,110ab68263a04cf4514f76a258e20c57719e9ddd45469d19ac923c628c3e20e6
Notes.one,1675786057,77d6aa96f904b86499a23d2c57e7ba39fb2717995b8fe7a93055715567353369
/home/farm/anteroom/bcc/80d/bcc80d73ec05f2b3b5ca4f16cf9e3f227a2eeaca85d83fef8b7dacbefb12f32d,1675785977,bcc80d73ec05f2b3b5ca4f16cf9e3f227a2eeaca85d83fef8b7dacbefb12f32d
Funds_605362.one,1675785946,9b8be562b5a8b945339d439bf06dedd377fdb40c10a4919935e976afdd451a20
notes.one,1675785935,1cddf12e5df507ca16800f0b56e0ec5b5c72692648d097ce5bce040742aa7565
item.one,1675785919,57965bb1391760f7a2574d7be86dcdd64e3f699d1158570d348d006bafd16f0f
Notes_DANGEROUS.one,1675785913,d7be1a50c6e07874b67c1db195f91f9ff654a0e5d335339f1683f736c608f6c0
document.one,1675785910,e77a41f8b2f75dac1bd630fe54990d54dc24761f4795e03435287b13fc006400
Funds_445404.one,1675785889,0ea9656ff09d20941325781b204a333f89981729b1bdc1fbd2a9addcb800b844
note.one,1675785816,224b5d9a67049545cefd1539a37be1a6eee020c0c1a5731a8d425594e61786d1
original.one,1675785814,50c324f911a1671f5a74e7687fd3ce54e236c25757550049d10da547d67152bd
,,52e413c1352791f626ba23354163fa476a8a107b07459bd527aca50fbfdaf783
Notes.one,1675785796,82c2e438e218e35d596cf06fc4a8eaf0b57b471ed9c2e9cae6a43394f5fa47eb
attachment20230207-21137-9yemrm.one,1675785704,bfd28cb346feaa1e386ee24ce7eb331e3f220663d6fbf645e02d7cb32ab29d1c
Notes.one,1675785690,171f4d8ba9dd881916df7e76a69d7992c60282ba1c19554ad43ecd4fc25c1695
note.one,1675785665,5888d9467e044f3222eaa88d32f75740fbe775c09864d1ead57fdb2fa28df8b2
Cancellation.one,1675785608,c4ae4188923779d6f370fc1aa03ce3cacdd64c5a012093436182e8737378120e
item.one,1675785570,37eee3be263aacdabf570e43c59417e0bd43e821eeecfc035dea9545b18b5bb2
item.pdf,1675785544,bde1db4a8521a57b20491f2f079d67a357544a341382425cf7ff5296801038fe
Notes.one,1675785523,6ce615ccc6df94e7f80fb0efbe8edc55f1ed9f6e8f137ef55457e9fbfc37283f
,,f114a4a991d3f2cd3609ab90e7e6efb3747d4e786a74393756c7b435273f905c
,,fe8e4f10ec551a72c58f42f9da2226c163e27a52189317f1b176ac7efe1a99b9
notes.one,1675785446,5cdca735e1c05516a56302ef33c23a9461d90c0035558d64982b8fcc51ea645c
cancellation.one,1675785427,4630ed24b9a3ee9094e0eed02e5daa74b3e6ef87dfc14ffb51595f9a349af5c0
Note.one,1675785357,a2ea7e9ee2109357ac713d88cd9176f0ad28a75ab46a69a36b487c36c850530f
original.one,1675785219,cb51b7c4f6cdba2b0ce043a119314aa470f190e36e4b1ff161b2c32debf39f89
,,43b10c016124ad0784e90e4f2c39f90db80392f99679f66ed5c074fcf5556d62
original.one,1675785216,32e12a563d3c78362e98f99caa1c669f1fec34684631b5a35708c130d8cbfe63
notes.one,1675785188,8ca64a6d411aa635639c1169fc992be0ce50202f3fba702a45ba8c5672e39251
Note.one,1675785164,3da5ce368aaf1788a53901a61b20cdf26d171a97825e629b89c25e92992bb84a
/home/farm/anteroom/b2c/df3/b2cdf34f2ea86b9b4d910b99b9e7c5fbf6f96d4eb01262481f0c926ee680849d,1675785143,b2cdf34f2ea86b9b4d910b99b9e7c5fbf6f96d4eb01262481f0c926ee680849d
note.one,1675785108,575758da62f4e22397bc65dce83348b48595a2aca06fca212f7bc0350d84cde9
notes.one,1675785070,34e7046aca9a483dfe0eff64443f45dc7f1212ffdd2b3b9c69f3339879a7d79c
Document.one,1675785018,05f63a79b34f093803e579e104073299046d1500652a74a102db92747d563884
notes.one,1675784997,1c352da9b1d5d6314fb358bd89a2bc9c7118028ee38877b00b56e460d79ab89f
Item.one,1675784990,15ebbda89a121f79a8682eb3936685cc9f67b91ce1e8143cd0d29b827c15c5e6
Item.one,1675784950,2dc72bbf028f0d345500c32a8ef4e973fdc62a131e22d3972498de4a65420544
original.one,1675784925,812a880a02e0a07eea0c26e5edc8c2a8ae5447d628111d5a878cfc60f552bab8
Item.one,1675784867,c247923f59c5a927017de7b198a7e55b326887e74fc632e429ee98ee7db403fc
original.one,1675784853,9d132677a697e828d539009d235a7a075dcfc3436b477678307975fed94fe5ba
Item.one,1675784782,2ff62a6101471416b42f54c145d56ee302f657511716ff8ec2b52a85f711066f
Cancellation.one,1675784780,34eff2c9e707a08853f41029d771d0b75396726c01c5636bd02fa75b18483770
attachment20230207-140235-1xkbq43.one,1675784775,1ca7b21a6b8cbb1ea498b19582732b6510352a7fccece056b60a6277db1e5336
item.one,1675784636,663eb44100bc1cf0d841aaba42f779afdd14714763ae781236ef88a906f891a2
item.one,1675784610,c6536c5ed77df252a7f026e361a71237945fc042e49a347d2ddc1bd5153d12c3
note.one,1675784592,868fc44e9f3d417bf386eb2673d550a545af33707c5d5beebbbf28c8ff06915b
note.one,1675784560,0a62c9947e8cf77f7e1cb9d25b9354bc00ac2a8d02e626e99029e12b32d3c8d7
document.one,1675784549,07590248d04517516a4cd5b2be960a2c38de51c6c4c62434d6d562d25cee0e05
Original.one,1675784512,9e59dd8295bd8b01a21c31ce8c230142ac417964f8a478f3b1f6827c84e25548
Note.one,1675784437,e1f89973fa9bc8c4ed007926fec7b96481daacd23033a22219a8934c082b8e8b
Notes.one,1675784432,1da5b4f42a883cb87c77f0f5f251c242bf29bdec47775c782623456968c7d970
Original.one,1675784373,d8077f6d3a0eb07e304fc3ec00b0bd62a2acb8e404f6dac5f49660ccf34fd971
/home/farm/anteroom/34f/27d/34f27dbe0f4c9c5bfee53d3ec0303c495761671bdaefff77118dc95da0f6c59b,1675784188,34f27dbe0f4c9c5bfee53d3ec0303c495761671bdaefff77118dc95da0f6c59b
cancellation.one,1675784147,c0324feb7a58e506bceb263b467190f10606233fbb4f49044faf1d3f032343d0
attachment20230207-11511-1dnljma.one,1675784146,49466afc0c144e71ef3c74f2ccfa5e74d92c65ddde8fe1b3656fb8f32f9240da
attachment20230207-11511-1y7gfzx.one,1675784144,363f6aade4ae1fbeeccf38da39602397a09bda6797115ec867992a5aa00e75dc
,,a39562bc319534bba7e4e0cfcd4018ca39cb809b497ca66fa9b82da1a609ed62
cancellation.one,1675783971,ad09a8ebf42f500e26b9bc029e25734333355435a7fa363c579a9ecc5dc465fe
notes.one,1675783795,ef3d1fb38375d8f16d9e80a2da3246fc8e157ea6dc107d9d88530b2f7a9340b2
document.one,1675783790,34a73fb16ce15c1644412c693f00dff7117ea295f2fad2c9dfe603f494e2bec4
document.one,1675783718,96f9f0ff6e2a8c854dc9af5e637db592cdf0e01481a4c9352f1d71a7095de8f7
item.one,1675783581,5d2e4493f3910a4d7573d3f8a3e137b830a2facfb95ae1a39736e9bc010b198a
Cancellation.one,1675783539,fd818750995ecdb36930f267c7b30493b1554fc8a77dbf3d847116dd55753d34
Original.one,1675783345,5ffbf30799eda388b3e1b11508c8c15a3079007c960247af2753eb4ac9ea5fd5
/home/farm/anteroom/2c0/110/2c0110ab1c2a1c7480842a9e10e6e421eff9874e675c23e0ef0e52406213bbec,1675783336,2c0110ab1c2a1c7480842a9e10e6e421eff9874e675c23e0ef0e52406213bbec
Notes.one,1675783244,ed13c2cca01a82fa6a385f32f0aad326265a1a6de4348ef335ce44db851c235c
,,bd9526b041bbd881b49aab0f8477b8976854614f5afa68bf1bfdf25b6cb81045
cancellation.one,1675783074,27fd2e88ed495f356fc19a8ca55e1fa77c12c90a1f4294f30bd27248336d991e
Notes.one,1675783054,7bf0ff5116f5afcafe15297bfb26d716e3b5fde90ecb387875a6432d5122c035
Original.one,1675783019,1bd7ae5711876025f54332574114c19843889fb1f687146047d34d9da6fa513c
,,842072297ec8adac1ce78ed222fc854b39bd7a8bec2924fc9f1b1b553a74d900
document.one,1675782628,ac08217b2545b6c3336d751781680a9f3c7043d7ecaa88e1b6d25dd220d09775
,,6d4a96d2c89e5f6a2006adb3185c437679db6d6ed8ca54b2836280fd76daaeb1
notes.one,1675782480,1a9d628881203922d1fba469646a8c944fe9e4539f6a70cfff3b4ce264825bde
,,6f3125ade4b56aba7d7f2ce5b38974f67bac98e6528e0f39cda39fe52741d331
/home/farm/anteroom/485/bb6/485bb68bb0d041806fb1c9b2b847a2307c6816e2c12b0781b9593ca5ed0aa913,1675782381,485bb68bb0d041806fb1c9b2b847a2307c6816e2c12b0781b9593ca5ed0aa913
/home/farm/anteroom/c4a/f55/c4af55824a7dbe84d803954f5a49fef6154e848b9d6090ab376b805dd8c65bb2,1675782375,c4af55824a7dbe84d803954f5a49fef6154e848b9d6090ab376b805dd8c65bb2
original.one,1675782321,e67ba6ecd9f8c4399452ae014cd9b912affcaac0316bfc09c4d305053a794bc2
Notes.one,1675782294,bbb54d4352e10847653abeb19e3b4538fd3368d28ef60204361ff95c54f66604
attachment20230207-131576-oal3ud.one,1675782256,5b2cab3ce2b0163b7b918f166e0a26f2294c8a4695f88e0ce2d52a00d973cb16
Item.one,1675782244,fb0dc326fbc5b71c1e9524f9328ac78549c861fba1ea844afb17970e0f7a0c02
,,977b96e043a172c6bb20c2df4b71c9d36197d5b206100e8f3fcdc4bc286f57b2
notes.one,1675782153,6dbcfe0d8ff8587d596a37cdabdf0adacf2b1889605072588ac67f0fc9cd7c1a
cancellation.one,1675782148,bad609b9fdf787f4ff9bc0d3e8fedb757bba15cacadb14e683c40166d31dfa76
attachment20230207-131274-3j6j9r.one,1675782136,63f325036ff75d52c73ffc2f84a66cd6bff7e41622492804cbf53143e0126a94
Item.one,1675782112,bddeedb4bc0aff74270d08a7203f3275acee6feb647074f9b00b3724aed730c5
Original.one,1675782101,149cc6e649e44ad2e84429fd4d3edf88b7fa79a4cf0a69063a89065fa7a7a37e
,,c7794ab58adf71473f11d8c43c98d4d33994a7e0224d26b0cfcdd1520c76b2c4
Notes.one,1675781974,66f7d7a997aa84072f14169d361316599318c0f53ea3567cfb2066c4bbed4172
,,828b3e0e869956c65bcb34d3059fb142919370e5099b78b9841ae0c316e1d35b
notes.one,1675781891,f0f5fc9f8692ac6be77234d7a9399a54b7037c2fdabdd68ffa0302350b57b60b
Cancellation.one,1675781855,79d0ebfe7f7686987cf7e02f5055c2c4fa8574c6535f0c2c2ea68f914c4e4ff7
Cancellation.one,1675781828,bd60861ef65e952248e87a4dca0142b3739145b75227ac357c8248f85ed0e039
original.one,1675781786,2f29db6192b38e2494ecce3027c3ee1a6ff1ee76427b2d7d8b8d33ca962d61a2
,,c635dd7793c7065d9db67554ee6293b26a904ef91ac5f3d83468664762a0a31e
,,8ffd38d3a4f18d83455ad774848ff54bcb80ecc392be611921785319ad59339a
Cancellation.one,1675781684,92f9a3f1da4f7efc7492bb62d470fecd29def4727951e24db8ddae3719311638
Document.one,1675781671,c1e5b6b339e43b4219ba6f6c2c31dfc22301a11aaf93f908d70b7b01d31369f9
Notes.one,1675781636,f05d16207f093809a940d1caec7c6fd432319e248fc556c5ad2717b52be72a11
document.one,1675781347,4ae542005e2d5bea9e7fee76fb4ca517e9a4ad2a01bbfb0efaeb54fb8a919df2
note.one,1675781333,440d986432bf864e28454044b131ba80d5d25574226c71e31aaf28551a7f2081
Original.one,1675781260,811f340e27f03adba174c3cc8c2c7669baadf7ab72f686bbe5eb710c6927d926
cancellation.one,1675781085,ad3f2fdb80c45bdbcf9b79260f2624430c5605291e2a7bfc257d17cf029edc22
Original.one,1675780747,8a2741822e1dbbe3490a9850ca736b620051be2be7c0e5d9cebf0e0ba6f2bc79
item.one,1675780680,fdf3c85053bf55b09683d698322062a63f642bcea7494281ee16ed26081cfb96
original.one,1675780553,a14bcae015718394c52a7f6caa91e89225ab86b13c25532f72ef9080167913f2
original.one,1675780459,b17c80974b5b06d035ff27c9505f75d2f220214ff7efeafcf78524ba1c9cd942
Notes.one,1675780411,8428631a894d2ed7483a7737207ed7d5925eab79f845314dd7b3b1c0cee57ee2
Note.one,1675780121,2bf093555e85a796de640adc0e054fffb116c696affaea9361415ebb9f82bec0
Cancellation.one,1675780095,6a6a281450b91085c1e4b273a7349824913a37e050df04b14b8445ca9cf2f2ad
cancellation.one,1675780050,af3fe56d2a07bc2a61a013868992131ce3ec6018793a75dfdd264b51601afa10
9cd900111f019f32112eba2c1ce1ecd9345d05f5d9a8a617c4a609d77cf2f95b.one,1675779801,9cd900111f019f32112eba2c1ce1ecd9345d05f5d9a8a617c4a609d77cf2f95b
notes.one,1675779117,957aa7dd5960080edba01aefaf9ed1e4cdc2bb4c5659c1b52a89c5121adb16f1
Cancellation.one,1675779071,8bc9276c157adf1c6611c3e4b47d589d1fc7a8513721ef52e0f5eb8c28f45605
Item.one,1675778854,2c1517ff516369a46ca3bf868ff25075e10f289acd936ce01830948c112fbb89
notes.one,1675778807,759587f1d825d9524d003e3bbfbed43da73bd8b4a86d5c54e956bca20caeadf0
,,77d50939993d5a4bb80b7ca88f5e9e27aba986a4e8e3239e04d3dcd4bd9044ef
Notes.one,1675778278,5943c43eafc793b8dda8cfc928d0b56be57634ad2c3cf6a6d9a18692b206f3c0
Original.one,1675778136,4ab4ddb8a23aced233f8da33bc05598921669211b8f0432c2ca1a17e9d6a79fa
note.one,1675777623,34e66de6597a821c38ea46b5ddb5c587b4ca512d5d21adb3db7c5774f0bcc181
Document.one,1675777501,294cf05544ce5c4556e9b6c293c2eb04d2fe25c92bf5de8dc53f13d1ed2020c9
cancellation.one,1675777147,b359f753abce55371cc75bc0a0d5094b8b1b4ebbf482f299396c9580778f009b
Original.one,1675777058,f41e5b2a8ee5f9cdaf640c2d879ff9780c937f216970a5ddf10c5b5fca54d8a1
item.one,1675776555,c86bf9660e674a0d6afe898f27adef6c25a5f29cb0f1c788ee9488d1175aa0b7
Item.one,1675776043,1a016525d446901413318ca0592de39d20aaf0877fab780a8b200e052dc991bd
notes.one,1675775894,22a8aed14086d945159dbc3aaacb230399644daaf967fb8a3af2f177a7e09e82
document.one,1675775619,ea880449e992f283792e1566a45aecdfdc48af57470bd3124d134f26bc33209c
Cancellation.one,1675775553,a4c3cfb5b80d95451ff7dd97f2b3ca3e671d9c918f95b318d545fcc6bd91b12a
Item.one,1675775090,9019a31723e8dde778639cf5c1eb599bf250d7b6a3a92ba0e3c85b0043644d93
cancellation.one,1675774549,c2bcdff181e819e542880256f512041141d683df62164bf642c55ca83b2b99d1
original.one,1675773951,5ee30b2c238d05b101d9ecf3746c1879e07f5a1189b437ea854d0115f2006f8c
Note.one,1675773951,b317088d077747a90f5a0f82e15dbd27c8d940f506d135e6a8aa60a9d5f68746
cancellation.one,1675773885,1df1934d7237b73ef53af48c63b835f17414da272c42557f40fdb6c122512aa2
cancellation.one,1675773006,1d681759cc233613a3937cef1fffa8ccdfcd9445b8aa000d54a94918cf74bb58
document.one,1675772680,8286aa68adf0bc915ced19d89cccf601bc4a47e71f3282ef0e71d71f26cb3cf9
original.one,1675772335,1259228e20d4718e18e8cd6e0b08dbf1913e4402e1fdc95881ae27be425bd398
note.one,1675772286,8ff62f396131955aae4fb34343a989d9ec1ed6cdf12cc4c15b4fe1d0b952f3c5
