File Name,ZipModifyDate,ZipFileName,SHA256 Hash
beb2f04a9c2b6da947076766b37add15.virus,2023:02:02 10:51:08,466263.one,01e9ee22cca48d42c0036d6cf775d15bba24fff75926c67af57a20bff3cd61d4
4050377129610dab8028a9c720b40d07.virus,2023:02:02 10:51:08,459714.one,e5676db333f740a3b637374f571a747f8e853b6f2a0d838aac91201a50b128c4
30cf934f8c3c6bffdcad0790d397d4a6.virus,2023:02:02 10:50:08,473786.one,849cd387f7607e07f9f7c0fa3d8339f86ef879caf7b38681ef8d1b55c25e7d33
200847981,2023:02:02 10:51:08,594118.one,e8cd0301f1c807173ef7a4f9356ddb9bf897e1402e0d39d5e5e4705575852dab
200847981,2023:02:02 10:50:50,528063.one,e3e8aa4bc64e97a51bd46b769f2c283c343f0320783acb56f3ef868d99784f9c
200847819,2023:02:02 10:50:08,508404.one,f8dc0df0b5f8f5a2ca47633d3841ed647a709b2eece87b5c352d0628c513b81f
200847699,2023:02:02 10:51:08,377656.one,798c0fb544dd965faba0854bc912d7b4fa5e9855ef6ede30268d103726b362f6
200847205,2023:02:02 10:50:08,365881.one,5c845269fe61cfd5451e7cb5f925824024624319ab457459b91299f53a645787
200846995,2023:02:02 10:50:50,335145.one,9586239c5835f5d3c5f9a8b7ef4a99b55ff04d257bf3d375052fc86733fedf22
200847307,2023:02:02 10:50:08,314197.one,c3693d6004a258e3b8841007267f02c80127fe137c465418738efec9557504c9
20493f0fb62bf5ad741cb52a960764c8.virus,2023:02:02 10:51:08,523602.one,a7ad6fbbd9a14cf7fcd26e3ee9a250b2b864f7be64b9a174778b4e3e32fac70a
6af48c8341d33a78511c95a1f7866d1c.virus,2023:02:02 10:50:50,517597.one,c903f8ae64ef380f9ab0175f2edaba7ed17558ed49a9b99ee05895bfc91b64a1
1e28304e4ea9206be4828f2c61172796.virus,2023:02:02 10:50:08,501773.one,175675d9a3cac62be8a5c4be024a6e82b678ed73ac634cd8ee532f7d487c0aec
97226895f9b82304e29fde6b3afe1644.virus,2023:02:02 10:51:08,503947.one,6482181b079fac60d8ab5d3eba0dbe784ff1203c2b8779fd512de4c5dc71c2c3
388f57ef5c4d37098c8e919ff9b67a1b.virus,2023:02:02 10:50:08,489944.one,f46247b17666c0ca947c360389434d7a548a2d60fbc930f73d5b68af5553b296
4165850ae7072bef8fc7f11f32e15c97.virus,2023:02:02 10:50:08,482347.one,2a7264d38bfb389724cab478841239395908327cdb8beef300ec9974a69e5869
7453b9c904f89fd43f60dcc116d4325f.virus,2023:02:02 10:50:50,453610.one,eb31abe7230c3ff872ee73d874a19cfd8096bfc443cbe50724ff9ce9e684d286
b6a0998bcc5d6b9b55c5b4a580c7348a.virus,2023:02:02 10:51:08,445935.one,3ac41cb7b1090a618c4ec8270622d60b14c54336b0669a40680c9d2a67fe18b3
4aac50f9a4edf7ea71c6df680d610d72.virus,2023:02:02 10:51:08,425455.one,6d6b1ccc8240224fc9dd9caf653105ab77ac507899347c8db130effcfa221490
f4f7596214f999765253e6e7038f9c0c.virus,2023:02:02 10:50:50,280790.one,7007c7bc9e23ddfa8a370a1c266aae43e401c3e1fa9eae4c3632af27160fdaf2
bf64a6a1bad4f88c1b45613415fa55b3.virus,2023:02:02 10:50:50,274743.one,f927dcd0867ff9195979bfb6185422bc0946dec1c3c541dfb86ea1d55142b4d6
a067d996ee1e339f223c93db4220e904.virus,2023:02:02 10:50:50,240036.one,e5770356377390a753a8d3f756aa411aacfd29db232546a7f94ad91c54595257
42fdbf24ea08587de8e0b2d78d57632e.virus,2023:02:02 10:51:08,230969.one,a856d02935bc45ad40e689432dfd75751d1be65341b1cd424be6ca2502d76d84
4a04a263b35387ddf7637fb36e1a24cc.virus,2023:02:02 10:50:08,275646.one,5fd841a95c5d8ffaf9e032d591893a49c84db1ffec731a480b4d99802c06230b
2a5a0e1a56ab55f8e0f507061a9e4a1c.virus,2023:02:02 10:51:08,265232.one,8ba554ff86b2802d6463f77ef463c9d32edaf0247be557143e80c527e11b2e46
85cd2db8d887c3cb3079ab0be8617611.virus,2023:02:02 10:50:08,259079.one,9d7378c9f40b74c4ec36b1bc64e45a136366a07010e515e9b7a3855c3facdc9d
e60c782617bb64372a680d90fb02585d.virus,2023:02:02 10:50:08,244160.one,d9ab32c591198bdbd418b813d6f373d6878133c235e092c5f8c2fa70dfb00776
,,,dc0601ba76ca5cf79d2651f58e012a56513104477d15b5a5f61bc978aac44803
860090.zip,2023:02:02 10:51:08,860090.one,6f9894ba13e047f1f5fdea172c1c49e8c197ba8b71a277be71d61e234e0e125e
a4e0674a665d8d3c3377fc7fa29f758c.virus,2023:02:02 10:51:08,282827.one,75bb9505abe3c9abecb3058fdaf1c61f554d36f6bd4dfa8b04ddbf12ec45469b
5b51d3e5b6ee74cef71a08027f7ca937.virus,2023:02:02 10:51:08,274609.one,d58f34b93156af241066292cebace086734b848294e0c21553e8ff815a33a903
fa977a05b6f81b63ad7d6692b6c21039.virus,2023:02:02 10:50:50,271072.one,9c21f7567ef46f77d19e1dfc9cd3a2a545e2a916557194895f4f0675d46da0f0
1647cdcbc356de70380e1dec801a1049.virus,2023:02:02 10:51:08,267145.one,cccf18f860ebba4121ee541d2b19397019d17a9880b910a39a8aa20e2048c301
36662f33ca862531c2fcf628477565c3.virus,2023:02:02 10:51:08,254757.one,7fd84d6e0edac0c843d2ef483669ab10f9a29498ee4fcf9fa23aa958549afdfb
bee892e19e32d8a309622fda96c69201.virus,2023:02:02 10:50:50,241841.one,129f9f132b3ca62a74083491f096561ffece9da6e4c39fb6e6ebfbe397d9e0e4
6e23f7a05ebb9d3be95ecfef892c1eb9.virus,2023:02:02 10:51:08,236468.one,2cb96d9252776ebd3e7cc1a5008254486a18d0f987cb1f4c98a47357c974d4fd
03b47040e68030dc3bb98289cba3ec71.virus,2023:02:02 10:51:08,231986.one,a8e5a494f637ca6e14cb60bc8e24c14c0dd7489d55b53b81ca4bad0abab77a0b
1bcf4643ceda7967bd2311ce74ca2bab.virus,2023:02:02 10:50:08,179882.one,e153b2957f6d7d5120c58f8b7366284952574fa91db18a8087515d4c93f19331
53111442bbbc708065d9264a0eb5ff68.virus,2023:02:02 10:50:50,138542.one,626a453d26013374aa0fbb02730551d86825e917e035b57778921fe84048dcd9
429f54c10a3676d5421ac1e39dd620fe.virus,2023:02:02 10:50:50,117304.one,6501e629cbf224d6ce537dc87d531f9823235239d59ee22de27da88fbe4a732d
768c2b6fe9d13850b0ab494742dbaf2a.virus,2023:02:02 10:50:50,275825.one,a568a5dd0d658c3689b366873fc16a5fa2817221548b9750b7076812b1fc9bdb
Inv_02_02_#6.zip,2023:02:02 10:46:52,Inv_02_02_#6.one,daed78710d20c84478823d88ee431861f5bc18a25f64eddd9af75c101586c96f
e836be913b8b9c1cd5689d7c32639f0d.virus,2023:02:02 10:50:50,263913.one,4948d4cd5f0e232d90ab90325162c1a285e03ac6731ac74691067b28cf67c439
22358c16e767739833575dc1d2ea2fb4.virus,2023:02:02 10:50:50,134146.one,3ba5007271f51bf308c63e1cd2a972b443a5059f5b7cad2a9708958186edcc33
f3c68fc6b50aa3d100c03ec149d3634a.virus,2023:02:02 10:50:50,121639.one,3e3e58e3a127e71924d963fe3f4e01e28124095f815fa7008f71ddaba66905c7
0daa94438f298d96660f40f8f66aeb14.virus,2023:02:02 10:51:08,114377.one,8076077aa59b3afff5d0570dac46b1709dea16f9558e49f66db12dd4048537b7
e30b8eb7d6fa58dd3e86e4a6dfb2cd1d.virus,2023:02:02 10:50:08,424672.one,941141a1d91d6aacad493922ea62eb063098bea2ccbb8d26be1d18b514e4549a
263684.zip,2023:02:02 10:50:50,263684.one,856d7497e5bc39c3fa802af6ecea62a845b877a844ebce45f2a481112d4b0efc
/IPM.php,2023:02:02 10:50:50,147363.one,56302950273f0d311c74247e04ce2851d938ac9524362e49de2ff4cd61c87744
/IMOE.php,2023:02:02 10:51:08,880521.one,c717995ab8f848d1ddfc96811b5479c44300bd62c12df98924ebc368eed2589b
/ED.php,2023:02:02 10:50:08,877257.one,fd73611513736b19325c9a427630facc7aae83b1c3a92e0f6295926d569698ab
/AT.php,2023:02:02 10:51:08,868061.one,1c3ec7cf3255411b5a83457ea19157cf7ab2984b70a9f0e5f5526fe4f2b0c028
zbetcheckin_tracker_NIS.php?e=W7.zip,2023:02:02 10:50:50,877977.one,c5dbbc97b4fd3314d91f80df285e609423b5405d70cd1cbd4369c347f468b3aa
637979.zip,2023:02:02 10:50:50,637979.one,97a22523a68144a623d4baeb40df3f007f65ed1bdc96e61dfc0a4fc2e791c753
/IOI.php,2023:02:02 10:50:50,629927.one,57f4ca155b6417909cb01bd84d3d9ca045c645f712b3a6cd056d6c451c9cf484
/OIHA.php,2023:02:02 10:51:08,452999.one,60fe9690fb852e2c7f6d61ce4c6c7b84c15b7040f02179c19f5d80b1f1491ed8
,,,cc33d197dbc646a2f234d85ecc9119ab759836097d9944ea1d87e852b2bdc032
,,,c7554746983567fb7f0c018ca67e3fd991d0fb566938af4253b4ea3b4ff08823
,,,aff09f2d29461c7743510babd4e9fc963d38eb78f3540fbd37d7fa722bbcab90
130308.zip,2023:02:02 10:50:50,130308.one,243827eaff2a04bd9c5917cbe9d4022f61ffa6b394adb128c857067b9b093401
,,,a86f1adde9443cd853f86a1a83ee958a9636326b3c8897579eb1ad2c3f6e27e4
/AMA.php,2023:02:02 10:50:50,872271.one,139a6eff1480eee31df8b55beb42603dcfd6e6359750a35ce04e7319aacb2bdb
/EA.php,2023:02:02 10:50:08,869406.one,fcfa9b26b321344342034639454020ed1c4c2f1ba145405fabdb359c34033c48
/TUFT.php,2023:02:02 10:51:08,851388.one,82fb4f38cdd2d3a92ab62cefff934bcfed5c5ca144cf5f58d4ba96e731da2cf7
/CS.php,2023:02:02 10:51:08,822763.one,2316eaf7c53e96c8a9f7b6fda138457aeef749a6153bcae70dd35eebf4f2b083
/EUS.php,2023:02:02 10:50:50,810504.one,80264869784e7a88f201a21cbc99610203198a14d50c968f4aa4de44c7508c7d
,,,1a88bd840fb1c20c17a006de2dd709f4671739f5d1103e8d397cac1f97911991
5de5a4a28200a7bdf41be6f748a721f4.virus,2023:02:02 10:50:50,580139.one,1665a4118f7fc96c2ae54e4ea01471841de9c91267cce4ce2c5c8d236cecfdb8
aaeae8c83dcd189932045b1d78ccd2a0.virus,2023:02:02 10:50:08,550711.one,5b8772fce271f8729209772793ef75d94293b30364c17b0043450f023d0a7488
8960445a59cab341b0b5a4960e228220.virus,2023:02:02 10:51:08,355495.one,1dd04ff6d84acb053f8112ef9fa6ee535ddae8a2c3167a9120fb74802aa7e9cb
057bbd02954f53d3d64401098f95e4a8.virus,2023:02:02 10:50:50,305669.one,ad59e8e9b79fffdf414fa72034d9ab545203d1e6500c0b15ac52fed5e1970b9a
9e098e282bc4a938ccd6aed0c423b163.virus,2023:02:02 10:50:50,490987.one,5bc6c4e54f1d071d36e534aaf72a61cd33ff06bf0a640d12ab9bec676e6a490f
27b600b568009aeaa09ef6cbf0635dfb.virus,2023:02:02 10:50:08,471156.one,6f9d00c7ee792e75d3c7d1889e33c440315c58beeb9b0a2f5c67087f8bc1ab2a
dfa9d2a2600d30ad5beb502ac9c726a2.virus,2023:02:02 10:50:08,429536.one,52029104eee82926dd1eb81d495bcddfaf9a0362dcb88ce4be15cbced4a0ab55
d33ba6dbd0ee8199f7ded8c826739d65.virus,2023:02:02 10:51:08,415517.one,712eb71eeb44622998a974ec2196962a3832c25bfe6233ebf989f8afd9191a57
02a6274b85469dc89805ed5c6cd643b9.virus,2023:02:02 10:51:08,397421.one,c507ff14a0465e27ae3d5f53142b7706ac4095bf541111e6cec663bc5d96dbc2
e6c080298b5075b59c6a8a8c1f02654f.virus,2023:02:02 10:50:50,191979.one,4f00435745b63b44235186cca7890828c27a933b22cdd871095ae5838e2e7a99
2920f29d4ba8802c38ceaab06f935b34.virus,2023:02:02 10:50:50,644457.one,11fa44411d8bc8d2535d450946b575091e1bcaf769663526c8fe1f342d46c587
942d884170989e5b51455ae630c1a926.virus,2023:02:02 10:50:08,626661.one,9609868919ebe0e03835885ddf979cf6f20ea7424b421a8ad4f6a6093dbf1dcb
d6ea7fdf36ba909258d53b9931cfbf7f.virus,2023:02:02 10:50:08,587503.one,488c2ecc0b4ee399e556507a8aaa0b839616a34f623f431b5e6b5024f754abfb
2ea004402b065df10fb3cf47820f9d87.virus,2023:02:02 10:50:50,549944.one,d19ec6f041f97ed25fdd24af6a885c7d2f0a1d8d99277b24307dd5aeeff585b4
baddcf7ac0473a4462fe501ff6b80c83.virus,2023:02:02 10:51:08,464179.one,66ca41b654031ee41cdeddcd9d38a42ab15f7e85ffd0e439da2bced65da533f9
e43176c24864e92b2fd45e6674f541ac.virus,2023:02:02 10:50:50,447276.one,2a604a0e0b00620420510a9d716882d270d067ebab72b139d25b0070393ba73d
ef785bafaa22c187053694f309d95837.virus,2023:02:02 10:50:50,250611.one,f5e965525ea9243eb8d67b9cc81b79cc47d93ca7f8c149baca067eb2a0d88bf4
e8cbb48f8fe5e0b9710d477e26c1aba4.virus,2023:02:02 10:51:08,170061.one,cca3efa547477dc6f55c8c0b842b74cfb99d3e99ea4237d98d8038bb34d956bf
ba24e1c86cbe72ebfeaa274bae46cc03.virus,2023:02:02 10:51:08,866935.one,17aceb72f8c1d3a4f11ce8fc5d0d69d46b25cbbdaa9c850d9a8b64f2605921e6
0fefff46c44f69d2e5a5301c0ed9b272.virus,2023:02:02 10:50:08,850549.one,ce2f5f436783954b4c055098a228d055634226673d24a8687aba022685d25a42
527989.zip,2023:02:02 10:51:08,527989.one,9e33dd879f9cd481fbb1997692077967d1eb22961a96876a63520aa3daffe87d
399874.zip,2023:02:02 10:50:08,399874.one,85bbf566bc271babfac2e29e5795c62e9a9109bf073187d53f8ed4c9cce1daed
92f7dba6252deb22f933ce0938e14c9d.virus,2023:02:02 10:50:50,593406.one,5308d94f9314242359aa2109da623f28bda8cf1be89d188f0860def17a26cd1c
78e17d609ae2b42e1a2e407959a2807e.virus,2023:02:02 10:51:08,558570.one,28c690956c1ee2015b92e619b327ab3276a7f2132da966c1aca9f57648e869f3
013e71afd46e0020b9a46a2ee062e49e.virus,2023:02:02 10:50:50,543667.one,1f6bef2597d0ee803f42a02691ade4f5929f5c94fd9b54c67abef30d88eca459
c9ae6472bd6ace6b8ea2b965575e692d.virus,2023:02:02 10:50:50,455831.one,c40a50fea11255ff85289730f58386df51501ba7c8ba2bbdee69cbf426924f21
2af671da1d712570615ddb6e4d1af015.virus,2023:02:02 10:51:08,444261.one,c5476919e411faff56bf6a58d8043631cdc37c38eb7ed6432778c00df55e92a4
18256ef2e5c536aeb47dc3b48dbc4560.virus,2023:02:02 10:51:08,294088.one,626c7a92ff5055a572dbc2a4eff38072d71265eb7175e5c301228c27df657061
9efe23d0a00256a793fe394eed4dc043.virus,2023:02:02 10:50:50,207330.one,87dbc5c37a195103d66d00809b7efabdbdf162191a397e8d746611d14fa4b6c6
9057a0aa21793e132587026cbc417c04.virus,2023:02:02 10:50:50,508714.one,d2d19470302d0470348f3ddcada2e8976567d7333fe481b4cd52aeca3d617b45
a3a8d355f58f233338a11d8e9575cc8f.virus,2023:02:02 10:51:08,479008.one,6c3e98f046bdb5652f1fa3e1fff0cfb0ee02cd0b94fb89dfaf3a98936997119e
6068e1ccab80e77ac7f66f6119b92731.virus,2023:02:02 10:50:50,441868.one,8a8672914fdc7a09dddf608d3a326792c0dccb823be320c60cff74d690153b44
711749955ac68437d9372cf174f8d78c.virus,2023:02:02 10:51:08,281369.one,b250fe4cd2af22c703656cd7fce708aeaccd2f8deb18532c1b2dbcb25bebeba0
b7aa5a3f2cacd7ceca1675101eb20d11.virus,2023:02:02 10:50:50,724958.one,e754b2a1a93515ff7020d4f0cf888623755f368db4587b8d30cfa8468019d0b7
66c32728f70511a4e4adbbb788271d7e.virus,2023:02:02 10:50:08,618799.one,eb8fec4807ccdfd3899b71790a53935f6c3d025d77c4571b0cfa19a1baefe12a
e7a1caee195e1fc647d4dc4dc5e06185.virus,2023:02:02 10:50:50,238226.one,2a60b472eb6c175af3bba9251222d3a7e711ec30343f95bd6f371e37e5ee9e50
85eaa0f9167d8821cc9b19c82b66d781.virus,2023:02:02 10:50:08,592556.one,7d59bdc487fd031af60d07eb153d4bf4b92a53bf45a8ce0d3e75f12382aece98
c6f22840825ddba3c0b6628a2733777a.virus,2023:02:02 10:50:08,566415.one,04edabb64fedafaaa9be18ab5a69bc41174982d0bda09e95d5f256eafc172dd7
c0dba317a9d90a6f0709ee057a1b77eb.virus,2023:02:02 10:51:08,549335.one,c5d62ce575385fde2e86480b41f9b31e86abf8345523f8b87996d5a0b12f001b
b64f40ccef30c1dc3704d90962980b09.virus,2023:02:02 10:51:08,555675.one,35ab23061a77a07aeab702bfe24b7294bc14675463e04674dc8e2d2f3cb5da4e
7e7b83cb64238c2720d3a13ed9c29216.virus,2023:02:02 10:51:08,315009.one,24a3e28153be910175dd6ab7984b7755619c92fc23d92d768f4625d9517f93d2
e61b9f6a2c4c510dc6c9ea0bf50a3033.virus,2023:02:02 10:50:50,266240.one,8fa4aba49b18d70388b1561d5a39d4a58750d27cdee50fea0ab9e0df32376268
1f8a9c54cd0bbd6780b097df7fbc1090.virus,2023:02:02 10:50:08,213053.one,123ee878a175e384fc3d3a3ac4c04c1c85cc212a9096e3d5ab760928f3c3b08e
a71a13e7df40e31e631e7b579eac9ab7.virus,2023:02:02 10:50:50,182242.one,0b89f4a53ab605b9e6eaa0b347fd302a5aa75f1e207c2ef386a95fa6e4375fe6
31ab15b10c380a545419546bc144d369.virus,2023:02:02 10:50:08,789524.one,df163093049a744c38931f2db45020de33574cd1e02b2ed2eeeca9678cb55b33
1af7961e54e3f24af98056bd935c6687.virus,2023:02:02 10:50:08,778745.one,e520abe0f436e11bb8c874046be152ba9e967e462edb9a4e62dc444cef71eff0
8ab1443aa5b18c9f0acc178135f15855.virus,2023:02:02 10:50:08,731602.one,142f43b440cd4e8f1d03daeca779acabaad6919e0d82338bbdf14a3ad1c1bae9
6dbea0e162b4f740a7c941bf1d5a8d40.virus,2023:02:02 10:50:50,500700.one,58fe51262571c6ed5f0cf9ccdacf4314bf540a2b77265dbaa60995afe63ea17b
e8c934f2a4f6bcdda9c6fa52dd15a92e.virus,2023:02:02 10:51:08,189286.one,9b33d1f70f495306a66b2c9bb50ef70732ab9da43d2892dd418cd22e4fad838c
da194896d13ca67d2c4d804f9c7a688f.virus,2023:02:02 10:51:08,831265.one,b1659c5b3b05e37dcdb97876af5a0e34285255cbcceda302231928af09669d31
0d80d2bf9edd5b4a2978ae00caa701fc.virus,2023:02:02 10:51:08,824227.one,a05872c828817a271b5190c7a67cbc7be8dd7b7b9fa99fb894ff7ee1ae9209b4
225511.zip,2023:02:02 10:50:08,225511.one,129224bd7d6662205ac7100d891af4363e4c2c62b45a1a6e1a14700d37006ada
dfe67f6f54a636fa142813e858fbdedb.virus,2023:02:02 10:51:08,748345.one,ee26a8a6f5251f5386522f7263c202128e1dcef1c61512b68814c7c845a51bcb
1040cf969e59154ba8eb5de5d102f9f3.virus,2023:02:02 10:50:08,747032.one,e26b1b2c11eebbec3b6546b399bd5f103921e5dce23cf6ca7284fa306d3c4220
8e6fc3ed39f216d8dfaf3b43ae4463cd.virus,2023:02:02 10:50:08,743042.one,fccdcba3032ca3c26aecb08b3811de2f57cfebb8616f84a0f72b1411a8da0318
9f54b013395430ea11a0e8429b52a859.virus,2023:02:02 10:51:08,664208.one,b4ba087e562ac8fda1089f687fa3035e7e82a24db297a0be82b42b77bd49fbf1
0a42f25fce3d764044ab03f5c0cb119d.virus,2023:02:02 10:51:08,116774.one,29f191d6b2211842634392592d1074288ba761f72dbd58125ead0b6f6e31286d
6c17904728a6065399dadafb394bd7f7.virus,2023:02:02 10:50:08,687145.one,fa708ee5042609a6db1a440ed0c80674fcff5b07382713af31d2f38aaac507e4
6ae01fb16363fbb0b370fb1434744db5.virus,2023:02:02 10:50:08,303679.one,158f1f7e1f6a41912bb63715c613d98ce19f2a5e2ec409f6055d1a2e5aae057e
da8f517f19593742e61815e7e71419cd.virus,2023:02:02 10:50:50,399243.one,cb38720eaa62944089e783aa2f4019779fe56a6260639984023d589933e45622
0e9005d224a9a25ee149cc7e718b34b6.virus,2023:02:02 10:51:08,153584.one,e8e0e871a9755df87328509e40fb8c927dee86ca44fc093a2c3cb21dfec0b0e1
6891bf7c6bd5343e5524d275a69a86e7.virus,2023:02:02 10:50:08,884706.one,c91f8ba95494d4e65172a1d362ad95cc8d70b81f46aa19ec241db7faf006a357
91794224b1167c30fa5aa5052d581f93.virus,2023:02:02 10:50:08,807232.one,a3810de7d7252dd1a975e1a4424e1a79a8a0f996d7e59bc58ffe7a1cb63a7a18
0e557f6a1c9868627f56c319e72ae099.virus,2023:02:02 10:50:08,413297.one,de557aec840727c83f744b0fcda22adbcc43cf2c50027c22c23542fba0251e14
469881.zip,2023:02:02 10:50:08,469881.one,935532dc9776fc95eefd2e0911abcbe5e6ed4629fd973f7a5ed349aa40a9320d
cd5db2012ef31832a3abdeead7451f35.virus,2023:02:02 10:50:08,148176.one,d7f1542249f52d75cfc98b2161b32b38d2971e2365d6b4c09444dcfada497587
b51a1e18f9ee36d6868db30f65065435.virus,2023:02:02 10:50:50,119569.one,f74bdfc16f9639d350891bb192ecd66d3b486e88572c3ff0204dfd29e1773e10
ed4f9cbb8b933455463fcd4dec61dbfc.virus,2023:02:01 12:52:20,873346.one,c35acafa7f3b8faf710d3f004cff40dd2a2e55990de1da34b12ae16b7efd1d6a
21700fa81e27078d2b91b40db0af6ead.virus,2023:02:01 12:49:52,857118.one,82a5b99b2fbace16a0a06f8c2231d143eb21abe2571507fb1537f32bcf13562b
eec4ade9a928c7195cefa78d2ab8eff4.virus,2023:02:02 10:50:50,344781.one,2420888741e1cc62ce951c444598e8984b0678dcc81c5c8b244f33ff3034abb7
412b193418bb1a4d8edefde825933da9.virus,2023:02:02 10:50:08,319348.one,66fbae37ccfa788ff153eccad4b925729c5957e1ee8c69bb258aad6517c1d271
ebcee8f0d63573b93dc48773382a1403.virus,2023:02:02 10:50:08,242195.one,8ba13d0e95de4ef7953a910e097b9d8e3466c0fb7ba391073dfbf9c7d2a9df40
4fe814eb60812b4a5147e2822e0232bc.virus,2023:02:01 12:51:40,852158.one,0394a2a5d06dd123a42ede4c9b1b64ee8c2dd8ea2de082ab184f289283f796ee
71540cc248008bcf0c03868cac811345.virus,2023:02:01 12:53:06,850618.one,a115ed9f717c9c05386d71745eec6e6f49a950f59798ed0f148c3cf98c246c4b
215ffb6ec829b4cf4f6d4b4513c1050a.virus,2023:02:01 12:53:06,850155.one,93dbba583806e62bd4de21a06ce35e82012e454cae758074dcc02f80e9ea37ba
245067.zip,2023:02:02 10:51:08,245067.one,8e917a20d0636c30cb4b8f33aff84465e99e1d11f1ed1b01db4e33746b639034
819835.zip,2023:02:02 10:51:08,819835.one,1b3451fc1a9b4cd51e7f5187e848305abdab6ffbd11aa83b3ae6358b55492c26
/LE.php,2023:02:02 10:50:50,495663.one,e8ad678f7123bf229629e85209a011ff9af00c9d60a70db120fd73c1230ece5f
468749.zip,2023:02:02 10:51:08,468749.one,84cea73149ec56921131dfa2a96b5825ac4c04ecbd8177de9c33152bb6961f06
617ee5a94e73750fb94d8abe843d5ec4.virus,2023:02:02 10:50:08,133786.one,e5184c6670abb84e5505fb4ea0b0529ec28fed5de9365a752664d7834cba5a9a
9ae5a7d5cc8f5c245cd708b018e9b779.virus,2023:02:02 10:50:50,120263.one,e3e2f54a182b2466d6a1abb04df62d2fc49ca4352fe9939e09ea33415399d1ff
7c1c366dd76f834be1956124469d652e.virus,2023:02:01 12:49:52,236141.one,be766b19faaa0ccbe2bf09e7e66dcbdbd8bc91add8233ec46e329fe1ad3169df
e0e1a14934a375e09b08c9d59009e843.virus,2023:02:01 12:52:20,853939.one,b943febfa6a77133a8bed869b15d4960dbec950e382c09c9dd7c14170fe8224c
6679052ebe04715a6f0a65f5525faef1.virus,2023:02:01 12:50:18,853035.one,01eaaa8bc8e55a2a1b0cab534658efdba25d86c139fe9ee3e05a612d2f0798fa
2a9617d70f02fa3969e2ed1ccaba8f64.virus,2023:02:01 12:50:18,849801.one,9a0a031b17623bf01eb27b03614306da9ca9b18fb3051c3de75b1d2c3aa22f2f
0722535a98f56874c321dc67acd91dd6.virus,2023:02:01 12:52:40,848840.one,6b6f901b5761f75af03e7736a66000145cd51e20bf2f136c5089fbb40734aab6
6c9dcf1f68992dde860b3a44bb508b2a.virus,2023:02:01 12:53:06,845700.one,835d46a4873a24d49390fc1e41875584bca66e4ae8a52c2f0ed34536b430b4fd
a1eedcdb518be8bf84bcab5499d99467.virus,2023:02:01 12:49:52,838058.one,f5e16b59c50a36997830c03d8a5d3ea1ed449722a57e88fc7a8ee590fbc60143
5ad52f2f39beb04a614247f678435b2e.virus,2023:02:01 12:51:16,835478.one,b87906258b1b091564f3f832e32f8852cba268e4a9e6465582dca124dd4b4519
42fec2f272d1d15ca7ae23c656d44c10.virus,2023:02:01 12:52:40,835283.one,cb12e2a9b5026d6675bbe8c1f3f7491a909415654aa0cd77e31e72aca5f3794c
3b5bebcacea996ff35f1fd7102fe7823.virus,2023:02:01 12:50:18,339680.one,fd3400ef60829e789ec7dd22d18c484e17f8c170ebb6cbe94c6c1e2cbc9d2953
fae3b9208a8daeb4bca2fc46e31399f4.virus,2023:02:01 12:49:52,333597.one,344f4ca8682859adbb49f1c0f11a3092ff5e57cd1a3cd59a2e203cf0fcdacc27
346163c906827cf475d099858653bfe1.virus,2023:02:01 12:51:16,324326.one,1e79a572998f854051a15d9e0b4ff9d9bc57da9b29287993a60c9dcbc7340a57
4f36de7b76df5bae2da05f39c6fe9900.virus,2023:02:01 12:53:20,321932.one,a860d05a0b7ae01ac39f11a9ec889d01b735271137ee754feceb4e9d7753d3a6
d053332217fcd2a106e41ba1ee091d2c.virus,2023:02:01 12:52:40,304274.one,1fe87ffe3f530a9ec15ddb6d752379bac78e6f87668bb24e3ec33569e2817675
c951d1310ae5c351bb7ff75f88be658b.virus,2023:02:01 12:52:40,296948.one,5e70dc960229a6b7d0d22b6fc38f605f063f79d305079cadb88bb295304cd5b3
9ea38ca8f064d6e1f492d1ef56390f06.virus,2023:02:01 12:53:06,296435.one,5abb10c62b86e5f167cc7df84a3ac630ad5cc624127f8138b62684ff0890d421
80e4e1a3dc68bc37f453ec0bdfbf36ca.virus,2023:02:01 12:51:40,296419.one,daf11a8cb56d10b66bee43ea30306702eaffcae7a9a91857e65f7040e3a8075a
04b116bbebf90ab22bcf4a83b25bfa19.virus,2023:02:01 12:51:16,295043.one,2ed5aabcf2e94e52088ca60e56bce944258782051db48759599ba7afe1ac504e
f1da088ed88f631450176362168df410.virus,2023:02:01 12:49:52,282386.one,af33bc1d6664a41db90e946c1ec703dec5cd493c1c7dc3982e592451b85af1ad
fb96021ecb8082fbfe0572f8f3de7844.virus,2023:02:01 12:51:40,872726.one,5d914ba599a38aa8515b51d9d587e7bd0d0dc58996a57b4dc9310060748a864e
f2050877ccd420a6c2c005c6ba027360.virus,2023:02:01 12:53:06,872543.one,b4eff03fcb66f0b81c1dd3023836b721b7862ab4bcc31f675a82ccda4b1e6d70
9e9260d0734a1095cc5531ab1d5f59dc.virus,2023:02:01 12:50:18,274591.one,89e4e2cdbfb0c693a9f41a1efa109e84c0ad08ea7f209655ae57219c1f915a49
zbetcheckin_tracker_UAF.php,2023:02:02 10:50:50,414842.one,faa706f483245f9f613bbe306bcd89a6eb85587011d1d50ea7acb9af4e36b44c
/ENI.php,2023:02:02 10:51:08,348760.one,e0332d5b9ca79a631dec1b71895ae2f6a0320071848d4e6fa4da2023ed832764
787074.zip,2023:02:02 10:51:08,787074.one,f45f36eaf033ccbfc29e96ca6752bcf077f37a50ea396a782bb4ea3313ae5546
365740.zip,2023:02:02 10:50:50,365740.one,3d0b0ad99e55cbcf751948a2a397e4f809f261798c8384d839fd374c11d55639
1754c7900813e1a21f719f1308c2cbe6.virus,2023:02:01 12:51:16,244555.one,31426181aebb3ca0849da76ccf8c7479bfe6c309f0d7d4765acd85ae2f15d4d4
AZ.zip,2023:02:01 09:45:08,38393.one,d95860de4f69a38f5d365df47e589d02dbd56f0745e8d87dea652163afd990c5
TDLM.php,2023:02:01 12:51:40,747927.one,c9f5ec9fad7655a04a0db8ac7dd6470cdf10e5e88106e8f13ff60583a7032464
200792079,2023:02:01 12:50:18,573654.one,9be25003d15acf600ae8e718d70639c44f2f1d3d8078ef34c4b30b544d97d9e8
ddb5f1fed07f7f81bdfb8b190894c003.virus,2023:02:01 12:51:40,216559.one,b128b4d9d3d300acf9d4c1193298918bc8ea706ea0f90283d50889a880858592
/MRPA.php,2023:02:01 12:52:20,344245.one,ce552d96a91493255fc75b7e02b983991f290fea4e6063fc94db9d157eabdbde
zbetcheckin_tracker_TMXI.php,2023:02:01 12:51:16,122510.one,e506134849c94b23ca7ec4c1a1d0822cdd2656fdde13ea9e03d47554318d9256
966c0a93e1710897402a5d3e55a1d8c7.virus,2023:02:01 12:50:18,234251.one,fbbfb232d4fa4ed85078208870b9b7759fcf3c751db17f399b32d7117366e5b6
18f37cd196302135a6f641c16a504fde.virus,2023:02:01 12:53:20,213138.one,29ebe354095fdb87c1a6a988799a100e598f80702779afc316393e30df7677b7
350f51cb1593c0a91dec3cfb6b1fea62.virus,2023:02:01 12:49:52,210496.one,51608146f9d697cd25de0345330c27ca158479945644dd8cf240924dc1e6bb45
f6a4ed112bc8b0b4414e13a597e0c8e6.virus,2023:02:01 12:51:16,463209.one,be80c4cdbd4cba16eeadf8fcf689a050a02f1918fc03808f98f7c2db308e29cb
3ee49f5c81aab7ba42705f7200c00077.virus,2023:02:01 12:51:40,222402.one,7669ae6a8625c7c6f27dc98c2a8885f3f56e09c8924eacb400473d11a64828e8
10dd7131ac3ca8e2ce41b06fe3f7d878.virus,2023:02:01 12:51:40,220215.one,08e4520a56aab678836c7a25674918d6d62b3f344c194d270adddb9ef8f8a752
b2d126635571dcebe54fef2e830a78a6.virus,2023:02:01 12:51:40,234289.one,df2ecd3562bc02831d39e4dfde8c9b41f6cdcefe29aa76df87e0458e7bacb725
425df5580ec1af813a533e01a92fbec1.virus,2023:02:01 12:52:40,233605.one,171974f9e4cbf7f46f43cfef95346a6bb5f58cf68ba6cc7eff295e1e846859ea
3c28a1a706724ded5247342d487a4773.virus,2023:02:01 12:50:18,206548.one,3a9b5f60030f0ec9e394cb1f52452ef867e6eb18fb9527931c8d28129a783f11
03227395c7ef85b9c707f2e22a3e4a02.virus,2023:02:01 12:52:40,203697.one,987e0e8ae940c88ee0d64b59e24fc61d424b1fe8880fe9d2d2d62f413d718a60
c56b926829f74cbf9808161e5f48dc92.virus,2023:02:01 12:52:20,198765.one,bf71941328ab3f5ac41a6aa12c1182f1e337034430bf1b8cc0f8f0aea3a3772e
200789192,2023:02:01 12:51:40,551670.one,59d059b56070c95a320cc247ab4a8b7d8139ca14951e1f5c12d01cc94e9bdee4
200789204,2023:02:01 12:50:18,528529.one,11d01a65aa8e2fce3c527f5f1c3f1eb6686afc3d7826fcaf944db5689e6cd43a
6accca1acca00929559ee276b9cc884c.virus,2023:02:01 12:49:52,237272.one,deb97ca525d45bf8c545dc05c23a6d4408d108a9c31f2cbede300fa9083471e7
f2c002e48b3c68a47d4406a9bc6c6f68.virus,2023:02:01 12:52:40,537949.one,14e163244ff5059256862cd887e94bce058810ccfc08ede524b163b52c69cffb
2fe8b2477e915818adc8a4264f64badb.virus,2023:02:01 12:50:18,525284.one,5538df32765786708a1af671cc70ae24dee3b385c5ebf95db5fe68d57c1ecc5c
zbetcheckin_tracker_SU.php,2023:02:01 12:53:06,230820.one,5643e791cff1a07500f842c891b51561a7e2032c696cc4f011e0ad29d0cd0bf9
220255de69378223f006c51e8d87f46e.virus,2023:02:01 12:52:40,113598.one,1dab5c84f250ebdf08b6a34a67d599f6ffa789a1936d2272e9132f0f7f189992
zbetcheckin_tracker_TMXI.php,2023:02:01 12:52:40,210497.one,39e3f52be4ea3e2b5cb4900a0ed021e99775139cf9db8249e7aa0bbf1c39acf7
78ce18605a7c347ea2aac8a8f17724ba.virus,2023:02:01 12:50:18,533197.one,8ad0d99ae6e65d35da5813fdf415c11bfe2b0db6bba7e399efef0ca72921409c
14bd9fd4b76ef8d4bfdcff2113cdd8f3.virus,2023:02:01 12:49:52,207254.one,3c6fe045fcfd5ea7794993dd98c136db1cf7aca90d0a7c6a7aed56791877f21d
TUML.php,2023:02:01 12:49:52,727239.one,06d535a3ecaac856256f391c82336f366b1ce79c12bb1dd628647e40a9b56d1f
686003.one.zip,2023:01:31 11:41:56,686003.one,4c6a2ed4c3a463cea9374145db008234c3cec370df523b98f8c0e995d9bf3baa
zbetcheckin_tracker_CFE.php,2023:02:01 12:52:20,583891.one,fde6edc617083f6f17f82e85cf595104b7497718493ec96377b088befadc3208
,,,ed394b184b5fa1cc8ce9a2364bd6239ee3c86e92193a98e3d75dc078d5454025
zbetcheckin_tracker_UAF.php,2023:02:01 12:50:18,449068.one,c2046cb2170625aec4ebff4295b6294004c9591aa31c5853694968498f39d8ea
zbetcheckin_tracker_EA.php,2023:02:01 12:53:06,439604.one,671b530382eefdc41b8d77e51032e88e81347f6ab5da2fb80ff31af7eb4cbd27
366517.zip,2023:02:01 12:53:06,366517.one,8d2dfb350b6744661c4f5d548023de8dccd8c1e425fbfcd0addcbeb674c0f275
620662.zip,2023:02:01 12:51:40,620662.one,454885b30d28c5f3c148ec09a8f49fbce75c6bde5a7bc130300c6bb40bd613ef
zbetcheckin_tracker_NDN.php,2023:02:01 12:53:06,587266.one,85da4b8ba37a58102b046cbe9f3c62b62afe71e13b01f53c78819bc9dc063b19
200762789,2023:02:01 12:49:52,545227.one,92930369e4f98c8d3e94e044591eaabb1a7a59dccd74329c756e1c1edf31b5bb
200762793,2023:02:01 12:52:40,543495.one,528f933446b19acadc98fec3e871bace525ef3ca70d463c77f209856822000be
423775.zip,2023:02:01 12:49:52,423775.one,108f652eaf9d4b16e2397cf8663ee2f8ba9b9245b7836075e8602bea138ded9f
200762292,2023:02:01 12:53:06,116864.one,d303914bb691462b301ce7ed051276dfc427f0715aad5e0ac403dd9f3f325079
200762176,2023:02:01 12:51:40,741016.one,86a2ff8d6a1a30fc711c5df2208588fecc29ae4b8565fd06d541928900993332
200762292,2023:02:01 12:49:52,732964.one,f164062a1f0c27b9cb11c3adaf179a904c2221d23eab0b31bca3f7168ced920a
200762091,2023:02:01 12:52:20,731644.one,1713a0c386bea865875c58a08788ea0872d9240a73b31b9033a6b21732eaf1a4
200762073,2023:02:01 12:53:06,710489.one,35d5789729190ea8b75f4f74cc73954e75e1ad0f4b68b61a343705e9e4fe977f
200762339,2023:02:01 12:51:16,709024.one,9ebb9e0edd700c86178cb1978f7a9678c049061946d2b3610a9919f221205ce1
200762017,2023:02:01 12:52:20,690490.one,50a48ed5cc4a7be0b6cbf653f9219fc86188d7a0d3d8b20f3954ae83e6841993
200762082,2023:02:01 12:51:16,690373.one,9ff239426c155a485fff7f04efb2737e28fd9f6f2f9860d6182b6054e6a8a0c7
200762287,2023:02:01 12:49:52,315882.one,6326b73d76093dd2c82bad8c280d950c94efa4bd039b21329b161e81652e4089
200762234,2023:02:01 12:53:20,687400.one,cafb38b9a834084dbad37366739968e45499002e765e8bc1919c807cca1dd4c5
200762017,2023:02:01 12:50:18,685313.one,fbd971475c6ed920bda429329e7820a46915b5814ae6d7c3f7f48350f96fdca2
200762320,2023:02:01 12:53:06,684668.one,5ea8d84808e40451ecaac6341c0a83b558712e79b234de486902ac98762dd065
200762011,2023:02:01 12:52:40,683903.one,da7d044c0f5131a2d465f6d9aaf8d8443c0e0cf0ba4997d365a6df23875cb05d
200762274,2023:02:01 12:49:52,682621.one,ceac7ae2d41f96eef2ded63e7b49e1b7168867df293e8bb94abf47fdfbfe8432
200762234,2023:02:01 12:52:20,683084.one,4ee93a1220252e051e83d29b6d8dd6cf223119544aaaa5121c2e46e239cac524
200762091,2023:02:01 12:51:16,681977.one,34cf3c3802ad55ea3283253215408b6d13473486a64f733151e5acaaba4b53a9
200762116,2023:02:01 12:49:52,680966.one,20debdaf6d704e2a14cc640090417456f9990dadc276da302d818dbfd74c7d9a
200762249,2023:02:01 12:52:40,680680.one,277198bf128b368c20120ae9ae4a421bff66e65fd40d4f4fa2779885e74aec70
200762072,2023:02:01 12:51:40,675345.one,97407f42e9de35fcfa3afdabf52181dddf361379264c91f7137c50c13f806d7c
200762367,2023:02:01 12:49:52,673282.one,32abf33fddd1fbaecba753b2ceb8c536d08562fc8a8ab20fc44b8b2131522fda
200762072,2023:02:01 12:49:52,674787.one,0f01a376d5a93f9e2b6742968ebbfaf41e00a1122869213688b99fd10cedf762
200762116,2023:02:01 12:49:52,673235.one,e3443b26140ce49a3a818aaa1552c60626afb50a200438cddf4a9af314197bf5
200762143,2023:02:01 12:49:52,671741.one,18d7ddaacade9b17e9b7abefef6093362fd241947f22e4d030558fd8a2e69516
200762072,2023:02:01 12:53:06,671118.one,acca56572b7db70d425b313cc44bd634f7e746ddd9f18e8f9d5e78f7c5f53d50
200762116,2023:02:01 12:51:40,671417.one,ad9279971389242cd4097a4adf9a798b6995a998d61b4f04cb111912c29457a5
200762293,2023:02:01 12:50:18,670020.one,3b11d43c2396c39859e723cbdc84e3a6746fd03b47c7c16b114ab8a92d01339a
200762332,2023:02:01 12:51:16,667218.one,15a6e78b8fd119610b645a7f57574230c7728d8906a0b736c5a5c99365e833f1
200762320,2023:02:01 12:53:06,663840.one,9efaee0dfdcf3c61f2d03d49c5d95a43df53c1fcf2a96c00c4c57d90ef72a748
200762234,2023:02:01 12:50:18,660631.one,4aef477c5c9240ec9381587597de59ea01bf3af2eadc9d588c62eef76a141786
200762073,2023:02:01 12:51:40,658832.one,4835eec39deb558b3ba2916df43306a41619cb9ec6126c45591e2e7d374cbd6e
200762082,2023:02:01 12:49:52,656278.one,d4ee0ea9d781b81a6fff1df3662e9ef79245bb15018bf8e7b2a5eb0dd36638fd
200762321,2023:02:01 12:51:16,653965.one,d80b70753ea09baf5bb495be5665b2e80389b14e029808c8995b924ad9748645
200762132,2023:02:01 12:53:20,653364.one,15dd2947d48a8e0245482301130332160ff38ae3aa46549a279c092f5b6ae312
200762116,2023:02:01 12:52:40,652761.one,c656ff24cdb50276b0d24a515a8ceb0cae276e9c932da806ab7587f8fb2449e6
200762234,2023:02:01 12:51:40,651961.one,38855c58583d39679a4cb3b80bb54c681bbb80b07d536c477a920c758601dfb9
200762292,2023:02:01 12:53:20,650902.one,7e079f7bc5d41c1f71709ec297d61e5c9597b6667720afaad76034f90a54b60c
200762272,2023:02:01 12:49:52,647413.one,7cb4ef17dbd3740d9e2bec8bc8f5616c3da3dc6add853101d4eed80db900ff78
200762332,2023:02:01 12:51:40,646749.one,1db8d3c07622179ad155c0acac21c6305f938d34dc2dcbcf9d0166d372319632
200762143,2023:02:01 12:52:40,642085.one,47cb39b057a85c51c066f0135ae8f711f5cd21aeb1f25d7be9d28669b72555a5
200762320,2023:02:01 12:50:18,634276.one,b0dbe2d07c755defce3485c3536f1ea8d05a5948c6cd816ca2720b7233f8f5b4
200762136,2023:02:01 12:52:20,628050.one,97e801de77e41e0e6caa3c3b5517fe7118d6c65286663f440d96ec8b8c6f8f3b
200762145,2023:02:01 12:49:52,623738.one,4092c00207172fd05505ec4dbd0aaa5150b753f4a74bc361518f077aa86ee8db
200762320,2023:02:01 12:50:18,621153.one,ed14e6afadcecb81cdb3dfbc2cb4653ad82e7df0f578f3d284507b70b30a5467
200762091,2023:02:01 12:51:40,622502.one,314d5470b0871ffa98f61487ded929fb209543818fb131139b2115007c6ef881
200762249,2023:02:01 12:51:16,620690.one,217d26c8ae1ebd215dd4fab54844cb1cd26d7934c6b2d63f430ee49738b1be1b
200762293,2023:02:01 12:53:06,619596.one,acf4b0e6a80e4df57292e1bc69f23ee16634b6509ebce3908255ee8694af6459
200762339,2023:02:01 12:49:52,610843.one,ed50f3a3fb59ff4921b04720bd7aaf3a87d2f20aea122ff5f43c84c7c72d4f1a
200762136,2023:02:01 12:51:40,594542.one,4530bed652fdda9132de6026ebf65329001845551a5b934545cf80dd4d695b6b
200762072,2023:02:01 12:52:40,599559.one,33385219fe7b9e259c0e3c89f876e3de6dc0c41bda46df53a63c58bafb5c68b2
200762073,2023:02:01 12:50:18,593859.one,2fb9448dbfde30eee3a0bc888dc2587a3b371c15e4ef19cd1c6aa5cf23dcc5d4
200762144,2023:02:01 12:53:20,593521.one,820032812dd3d9d570112a1becd12c59b9fa6badf7c264608351455846332e16
200762332,2023:02:01 12:49:52,590422.one,018f768d9b7f185de6a1136220bf30904b70f0b7389cd110f76ddca403ae0789
200762145,2023:02:01 12:51:16,591614.one,982e8e405a03c0554d93b9ac96418f91ee49c4e90f06509fe9d51fcfab526957
200762136,2023:02:01 12:52:40,588094.one,10e948c9867821f387f5ba18a8207ed99d18cc0b77867eebab4b003a87e10001
200762176,2023:02:01 12:49:52,586309.one,dcb5304f386057f6c33973b6b2a115d03b0281ea0020437f1fc751717ad52e55
200762132,2023:02:01 12:52:40,585204.one,1711bdec7fbe84084e6cb627e353b0f54f39e8b9d035d6a335bd1fc19abcd2b3
200762367,2023:02:01 12:52:40,584299.one,9d06b9e99a62a22dfb384bad3058a50b342a814b87bdf62503816b0c893021ed
200762145,2023:02:01 12:51:16,581576.one,739fa7f044b1c8909a48e9dda000c84a03a52c051a44192f73e7ea445ae979c2
200762145,2023:02:01 12:52:40,579645.one,ede683b695d024e386911a09fb5a1814da2ddc009d669ab8768779b5a20cab6f
200762145,2023:02:01 12:52:40,579620.one,2073ee88fcb5504613606bbb8131c4d8fd3f397184875a300533889b14a69feb
200762156,2023:02:01 12:52:40,578147.one,078dfdd2c53d241452d00dfa93ce3abcaaaad58679363cb91861275fd23f9a64
200762073,2023:02:01 12:49:52,577961.one,0db69d5bd1bf28dd929ccdf4c18d46b3a35466749b7b358f8f08cab5c9ae761d
200762168,2023:02:01 12:49:52,577768.one,dd313d27bad7571fd7315328f0cdd7d09f9757cb61c2f08414f1f8f108218773
200762168,2023:02:01 12:52:40,576543.one,76539bde8de8684243221986f6cbbeb0871639e59cad2725d720f8c7d81dec7f
200762132,2023:02:01 12:52:20,574762.one,1554c2473ad5ce6f7885b44f50646871a04e32b9fc39db232ca3972d60c9782a
200762145,2023:02:01 12:50:18,574373.one,da1e5f6c0c4ed20de78e62ebf7b4f36240da23eae193e1bddbcf403a6003434f
200762145,2023:02:01 12:50:18,574237.one,95cac9e638a923dbe6bc0635206d642adb3e865f3a21987a97d318945ee220e2
200762156,2023:02:01 12:51:40,573320.one,3b526dbf6b29d7b6d9cf2cbf30504e7cc4b41bbc10a7bb8dc7cbd3f523978ecf
200762176,2023:02:01 12:53:20,572312.one,364e137bda0a46d18e9b617fbd0096396b4943549462eb696b59ea222f396722
200762196,2023:02:01 12:51:16,571906.one,7a62dc41e0803bc2326fe6355ebd62256c223f9fce5f826a2ae6ba0dcf5eb7df
200762176,2023:02:01 12:51:16,571766.one,5fb4a4f1ba7d40e8b3bd445c9205dfd068502f5ce332cf73cd4c96695dcb4670
200762189,2023:02:01 12:52:40,567413.one,cf71fceedfac44e007674ac07231ccbbfc62ec46718b22f88d7bf16a5ecdf0ad
200762156,2023:02:01 12:52:40,567245.one,2e269151edd97aae9eca414c7194121ec500b3f2c28f1198614d3fd6d3606d4b
200762196,2023:02:01 12:52:40,567031.one,22ccd0a1c627e81a98536320363f028eab551dfc1ebe782b8abb280e2181620a
200762168,2023:02:01 12:52:40,566530.one,b533dbf4437e046f207a1b12ec9199cb5aa76d485e7e38e9db35bc1f91a3da1a
200762168,2023:02:01 12:53:20,565774.one,9d63f485d351eac9795f727b5b015dcd705dc043860cc358a7c85e0edd655618
200762189,2023:02:01 12:51:16,561582.one,d8766f93bcc7cc08ebe8333678869b946fbecec6dd8ea4939738269fe55fa2fd
200762189,2023:02:01 12:52:40,561196.one,c325e1b4b39961aa3cd2a6973723a5ef68ef23a20bf46a1df7160d17a6ba03c5
200761988,2023:02:01 12:52:20,561119.one,6204baf03e7a2fc85ee6f4385cb9dbdfdbca25a968b84ffb11d4f698a0bdd5dd
200762024,2023:02:01 12:52:40,559293.one,3f0b1c920c8fa1b93d2dc22facc8b2fba68e2899464432f16143c475654ccf31
200762196,2023:02:01 12:51:40,557541.one,b9aa6d78f0ec0486193b126bfced188cc599f7502b1c7ae1a17640d23a28c3ba
200762200,2023:02:01 12:52:40,556174.one,65b8f92ba316581f927e9dd1f6c8bd0937642534e923dac59c780e05edce6a1b
200762047,2023:02:01 12:51:16,555622.one,dc7c1165dae8dc9a4c9c851eb895dadecd973683faff7da52a6afafe37c3cd22
333350.zip,2023:02:01 12:52:40,333350.one,0fd4294691334a11d0067d15c9b62a175fdc03cb540a9771f0980d392f3c2a68
470795.zip,2023:02:01 12:51:40,470795.one,2873f526fea8e0e5f434acf106d89aea9d41e650160d5c271e8f8127b3af5cd8
296782.zip,2023:02:01 12:51:16,296782.one,14c77ffd9c6b41441579e5497bb221cea96d0a49a8f25f8d094add379be7fa8b
97228e41130065634f0515db15a36159.virus,2023:02:01 12:22:50,ComplaintCopy_16072(Feb01).one,e0fce5f4983ef0636144a90134191264ded11b744ed04de8a3586f534ac54408
a8e70fda33db9bba387bc73ca6b238f4.virus,2023:02:01 12:22:24,ComplaintCopy_35553(Feb01).one,dfad8004dccbe0b72292b7934ce6540cf875894d629f5ff690cd32c371b05572
f6f12a6c9a6ac4907648b31a68c407b7.virus,2023:02:01 12:22:50,ComplaintCopy_22094(Feb01).one,f9c5e7fe140b2f0be6d194425d75845022b5622ebd987146025ede567b91ca98
56848d09cc997fcdfce75f15b4bebe0c.virus,2023:02:01 12:22:50,ComplaintCopy_21398(Feb01).one,f900be2cf4d6b65635bd9e6cbb36fae33c631afcef4caceee36a6c64efd7ce6c
279344.zip,2023:02:01 12:50:18,279344.one,bc1d1332304de7801561d8f169cd5e11be73693b8fc38b33702af66a235bd200
249804.zip,2023:02:01 12:53:06,249804.one,b31a4dc3e6d9fdab5998657f3176e58b08eb42b7f5ada1d3ab4d6cf878fd1b69
/UATI.php,2023:02:01 12:50:18,865512.one,b35805576975ba0c16e30dfd998720b8a9bc4b2eda132033551936707738b28e
/TST.php,2023:02:01 12:50:18,858283.one,985e591015e3aac3a61d31c2638228f8f13a67cea7813ff276bc13e851bd17f3
/TIIT.php,2023:02:01 12:51:16,804239.one,e8dd3b03ce924d0e5eaea14c95b0f2e48eb03ef19825fdf12a5df50c9d3f88b2
,,,090d60bf16b8ff8e6382a2088a3710a19eddf3df376cd8cfe82e3267b9f4d6a6
742733.zip,2023:02:01 12:51:40,742733.one,e76d21012f522afe554c62fcb4a07c83dd6b07adddef9461d6953a412ddfd17a
zbetcheckin_tracker_EI.php?ntsu=7,2023:02:01 12:53:20,742613.one,d778f684a6ed4bd640d9e4bee28c131eacea7e1044bc42218213e80cb0a77182
613964.zip,2023:02:01 12:51:40,613964.one,27376c3499fda2efb6a8eaf02df2591cb05a50d43706f28cf7adcf07cd680395
200741837,2023:02:01 12:49:52,519769.one,0fa9fe530046e56e5a1e106aaa00b4b22a5fa84c7a61f7311aef9e3d51bba28d
200741837,2023:02:01 12:52:40,519376.one,8778ef1e1628ee4dbf3d5a4c6ab6e4abf0a219d1eb38fb65f2885af197ccb7cf
200741881,2023:02:01 12:53:20,508396.one,9301d439ff913ed613e25c5da9d69f4867e213322e62a88ce69327792297c5ce
200741796,2023:02:01 12:49:52,379240.one,1b2d51372e2007f87eaefd960a26e4dfa9b54553acbe6558c9dfa1d1f2e7e48d
200741837,2023:02:01 12:53:06,375103.one,71826ad14923f9a66f76bd10c709af484e84fd3c9763f8f6e275c4aafff12c3d
200741837,2023:02:01 12:52:40,374555.one,271a7da4c3d8b1001f2068b2c93ba939bff7f54aac233927e34db1d0bb863db6
200741796,2023:02:01 12:52:40,371897.one,2c568509fd3bb33c5df6d19de05e2d982300ae7eab6df22809bd715c5cffd11b
200741796,2023:02:01 12:49:52,358144.one,ca6c3d7acfbbb2c28781101bc7e043f9bf82f45a5d0478652e812b68e6593825
200741766,2023:02:01 12:51:40,330416.one,79bc4863e6789a5171e7657edd46fbb0f232bb8a3a4af4a3bf52fede0015e30e
200741766,2023:02:01 12:51:16,326194.one,7efd7a34c0497c9b8ddd615e41e3011cddd0bbe2ec11a9501ebdd8f2c53ec26b
303087.zip,2023:02:01 12:51:16,303087.one,3f1901293366c767bcb3ad7723504ebe5b5236ab8f51c0329c2df5afeee786a8
200741785,2023:02:01 12:51:40,314296.one,205aebde006b00feffb55dd012d50cc8719b0d8bb8319865531573131419017b
256680.zip,2023:02:01 12:50:18,256680.one,986678f3881e0aa825253a0477f318b07b855d201f54e86ebbfc4d1de8289f13
UIAS.php,2023:02:01 12:52:20,242882.one,eb01444c306efa65a6f62ac54c0f65314a365eacbf957b86506929cd311b5088
/EUT.php,2023:02:01 12:52:20,674193.one,668643116c621a01e489b2cd28722c8cd925a159e342f619a255c30558e54ce7
412618.zip,2023:02:01 12:52:20,412618.one,66efae5024add1a2db18a3cba2ed3187b14352d2c40292968d4676e9a68117ba
DN.zip,2023:02:01 09:46:14,67801.one,068875feebe277ff7a55ad66315fff086e26036a76faa83234ec550b486e6e4a
874629.zip,2023:02:01 12:51:40,874629.one,d62373c65298aa724cb1b4f3279ee7fc663aa967ee38ea48d1bf5e9992cbdf2c
785455.zip,2023:02:01 12:50:18,785455.one,592e0e477dd37767305a3fc9d648506999cefe7de4a6aa29c7d4777e6dd95bb6
QDII.php,2023:02:01 12:52:40,659377.one,7dd723801a8347cb83de2f45d57398539e539f437bd9d57bcc5605f3fd1909d5
601299.zip,2023:02:01 12:50:18,601299.one,43b4a772a77ef89bb59070bbab93fa51618563f94fe8cd9425b303b632e79620
/EUS.php,2023:02:01 12:23:36,ComplaintCopy_19199(Feb01).one,e392c5fac208c14c565086a94278d9a3e36ba71a5a0e98c98699b6348aa62599
/AOT.php,2023:02:01 12:23:10,ComplaintCopy_53303(Feb01).one,3e2a5191b330c9aa18ad73c73115dea1ee1461258c5eaa35648298fa69508a04
/RE.php,2023:02:01 12:22:50,ComplaintCopy_48538(Feb01).one,4f3769f77531443c6662e8fce2270a1c25846a3723c3a2f92f3d31a9a2361f79
ComplaintCopy_53278(Feb01).zip,2023:02:01 12:22:24,ComplaintCopy_53278(Feb01).one,3b51dc029ff0bc9ad16945cc41593df8500fe742a57d6d924177ce0e41dfcd2d
ComplaintCopy_60274(Feb01).zip,2023:02:01 12:22:24,ComplaintCopy_60274(Feb01).one,5ab2c97fc579a29db42259fda6e4d9f5b78ddc580f30bdccaf79dd81a92c6b9b
,,,c8eeaa92fa61f3c143103455e0995280b257f7344a9bf3d7d20f7ce6bd29db91
,,,ba888c585c707f71f0111fde326cba4bb51646b7d5a2f269a797a069b5ab0fae
,,,aa162e2b68ce37435c076ebcb846d1b16380ef5bfa4ccdb9b7ce0a9015141cb1
,,,9d1d17903da4be9d14dd905c546d1486ea80dd4de4802ba0f5f21e64a19b4585
,,,861383fd79a54f18c832c17fc305c1f382d2047ae47176f31ea9fb8da07db8c6
,,,7509e27d67c4ff63ae0ac0854ef8df546dbb787adff595be018272069775f20d
,,,61703e3ac04d96aea459b9416d31481018810b13af379e56917fc23520e49892
,,,59515242a630bf1f7fa4290d40212a3dabf784909f357ef287319d61eb0162e7
,,,4e3481ddb69938292c98f09c88d75c51266b567dfc6394d575e47af996478ecf
,,,1cec3ecfcf1505e3336f860d8757e48954c57fdb7562fe02736fe1298ba18356
,,,1ba249a17c6b4857e3ba76765e95d200f2c5ab1d773405c7e93b7cc637bb1007
ComplaintCopy_53078(Feb01).zip,2023:02:01 12:22:50,ComplaintCopy_53078(Feb01).one,e9d9d06b7971cc114426965e6a0514800e1aaa6731f4d8b75245b844d1a99f80
,,,0037b92563ffe222f6e335b8077babed56c29e2130358b734c2404e56a722a5a
/MSEU.php,2023:02:01 12:23:54,ComplaintCopy_11313(Feb01).one,4da6f26e4f4332d028239a7692a96622d049a1b85bcc2e2bd45f2dae00b20e2c
273878.zip,2023:02:01 12:51:40,273878.one,297ee6bfb63242cd4363d1b84a57cfe8ac3a22a164405398b27ebc6313ddd928
846037.zip,2023:02:01 12:51:40,846037.one,67d22ca64713f2973d59ceb14c8b1227259442ba27c6869f0f1a7ff8cfe8fccd
TU.zip,2023:02:01 09:45:32,54661.one,1d0b2fa4209108642c22725bd0c975e368993954e52d438d5e677febc65aca76
250902.zip,2023:02:01 12:51:16,250902.one,3c7f7afbfe9bc7e662a575bbb8fcb980ac768b4e0fb2a3dde2236cb7908c45ee
243298.zip,2023:02:01 12:50:18,243298.one,a1ce028d43a7b608dd6707502c1fb1bf92a31430602416d188ead1cc59df484a
59166.zip,2023:02:01 09:45:32,59166.one,c0c8f40afe177f65b6a234bd4e456e25ba9d2a58780654a5c97ef34079a55863
TU.zip,2023:02:01 09:46:14,29552.one,655b912fbf3bff4bd60bd39fbb43e0a3a9fc3382e0c25fda03849de353bafa97
WA.zip,2023:02:01 09:45:32,44854.one,531be7e7ded1651188273382f53811b0015edb01fd4cf61ee86f1758dcaf2416
27132.zip,2023:02:01 09:45:32,27132.one,5548f4adcd49b031ad1299767e17a9fe46a4b205d87d619d9d5ae1ea5b9fb397
MI.zip,2023:02:01 09:45:32,81160.one,4a6684e8a4024d0449b707f101f231dffc1070b1c33b02c5d1df4eaf10b54496
CN.zip,2023:02:01 09:45:08,45274.one,67d75f9f9f914706267fd88f4bb37eaeaadeeeeb7b5785444f0282b093439942
DI.zip,2023:02:01 09:45:08,61151.one,e3f6758907d92e7f96adb7160bd05c7ead5d4aaadc02a60faba3cfc04e615446
NJ.zip,2023:02:01 09:46:14,62841.one,27326977adc8dd1b7ab21a28657ec67b8532cd5778bcde32f4b7af8e63e11a5e
NE.zip,2023:02:01 09:45:32,38038.one,ccf705dd5fb822a30ed24e70dd974d25ec007a719d5e3076baf232f30d16f96b
CT.zip,2023:02:01 09:45:08,88068.one,816f56970303291383cc0fcad30557866bc3f9abfb50b24e7b40b7d2fb0ca83f
81265.zip,2023:02:01 09:45:08,81265.one,a10e535d7bb98f2543b2c71517f709862eb880a10afa6c7c0105f20f22aafc0a
AK.zip,2023:02:01 09:45:32,16630.one,5c44ba043aa1338e4f492622dc173b7541e45d22f8b9eedb8abb0742755768a1
JN.zip,2023:02:01 09:45:32,52073.one,556e54ca95c32748973d95165dabc199ab5ac49e33a0405b648747700ee3f711
AV.zip,2023:02:01 09:46:14,14776.one,877c4ddc885550fc6d851277692547888d1b6b1729c54495573e47cfe5a5d818
DM.zip,2023:02:01 09:46:14,37559.one,ddafd6df2284a749a45b848abe1069d4e0b3a1dfa5af5e92d83642b1e5d6b042
WA.zip,2023:02:01 09:45:32,59913.one,b60602d395d399cf9184f5f9a9deed09828de8dcd80c83eee4211c8bfcb56263
59067.zip,2023:02:01 09:45:08,59067.one,5da02e4198b1739322d7dfd93da1cb42f3fa686a138a550648ca41174d222820
OC.zip,2023:02:01 09:45:08,58696.one,44bb9828d1d2bb1bdd8222aa421935cc23e124257ba9dd9873ae35f91a23a528
42532.zip,2023:02:01 09:45:32,42532.one,ad24a57044061c5e103f2a2e97b06dde00439602928f95507a6fff50aed2b0f7
39246.zip,2023:02:01 09:45:32,39246.one,2fa235c4f54494f5df1558ad9354a9518c5703d0c43cecc67508220c8095b3bc
/UD.php,2023:02:01 09:45:32,84789.one,828e118b7afeac419f99d28f99c769e8bb53bc3c9bc61a1c87ad992aad12b2a3
12917.zip,2023:02:01 09:45:32,12917.one,ef94bd5482a709f5f9d8058bde4fa1b7880eafdaedd950edf8f318e95edbfaef
21711.zip,2023:02:01 09:45:32,21711.one,a4da909c6483027cea1b1e62120776bdbba537ed345d8ff5db74ef5445eec25c
48040.zip,2023:02:01 09:46:14,48040.one,b9c1556c5efbb7044047e551846da4fd56088812fac411a370ee7aeec8343fc5
25488.zip,2023:02:01 09:45:32,25488.one,80408cbe0216e2141a9d58a299a7fb0948f4f2ed079258db23a485aa9d4450d0
7a4efd0b6ceca6ac39f93acae4e5e8c6e8fba17ac089bcc35893de2d45f690a1.zip,2023:02:01 09:45:08,65643.one,7a4efd0b6ceca6ac39f93acae4e5e8c6e8fba17ac089bcc35893de2d45f690a1
25491.zip,2023:02:01 09:45:32,25491.one,8b776c8458c1509060191fbe4655732b40e7bb5f4cd306bf1e6f4c80112e7df9
25317.zip,2023:02:01 09:45:32,25317.one,7940a57dd1ff6ee7de6edf2bb455c250320e37525aefc6d0a184f4ede345dedf
17203.zip,2023:02:01 09:45:32,17203.one,5da179f9a8481a969d779277fb9068cfc7ea13e9793a0c7d1f921a3518b36421
50520.zip,2023:02:01 09:46:14,50520.one,23a84f18e2199a351c94df8f95fee22bcd80f00184ed4d9416675e816b3b2dac
51202.zip,2023:02:01 09:45:32,51202.one,14a69ef18ca798e8caf61cfc9c8e24143045f321319e88c520e667bd3732165b
43414.zip,2023:02:01 09:45:08,43414.one,374468f644a2dc175d3b530bc73c6b9e32cbbd411d3999cbcca59c42ff4b214a
24152.zip,2023:02:01 09:46:14,24152.one,5d6c4f7270e2cdf7cb4860a33b6c68e6aae4dc88495da43768dc17eadc9e0b8d
69972.zip,2023:02:01 09:45:32,69972.one,955037f518fe6b0d8b3343c458d884b7b99fe61bd81e8adc94d811c964fecfe9
73422.zip,2023:02:01 09:45:32,73422.one,832c8fd565e80556b1d7b0842f838904a233e56d7dbb33c2a80025cddf19524c
63445.zip,2023:02:01 09:46:14,63445.one,211935a97ffa15f656080e45df3bf380a3db9405b0ece21b65e2fb318e923697
15240.zip,2023:02:01 09:45:08,15240.one,cbad104b42ac461cdec951736d0733dd17e383381fe583a89aaeb5f2755c3f58
440179.one.zip,2023:01:31 11:39:34,440179.one,318840268d9000febd548dc47e3392aa7cdc219818f30b7adeabb3af2df402a9
102982.one.zip,2023:01:31 11:39:30,102982.one,d13a15c096a44fcd41ab005a2dc6dcbb0e66f7273177b56bcf19601e4c209db6
/BO.php,2023:01:31 11:41:04,761238.one,c89d6f0a4515f467fe5c7f4c473aae044bbb927874ba83f31717c0c8aa59721c
631945.one.zip,2023:01:31 11:41:04,631945.one,04ed6784d9a9bf317407634662091ec5af1007e9bc700b4a2d6a753126a1dfa3
849049.one.zip,2023:01:31 11:41:56,849049.one,dd6541e982715a5fa518876ed92b38cadb87355bb5dc7a054efc08b0c3b9a66a
840817.one.zip,2023:01:31 11:41:56,840817.one,53413d88f4a4ba2f3a4f46d270121433b705f673d07685f4ce00105f8f581f16
717988.one.zip,2023:01:31 11:39:36,717988.one,35a2128a7e78e7a0d9ccfb03ca93423e553e87f9c90b1fc6b2e19047ecb19a21
/LIT.php,2023:01:31 11:39:22,710567.one,bc574e4f46da216d15ff302cd9d93886ad7b3b966f5b15fa2a020f54eb37cf5c
420500.one.zip,2023:01:31 11:40:56,420500.one,385b3504d46a56bcf50b43f0c463cdf4f31d058ba903a2ab831c8adcfadbdd4a
408709.one.zip,2023:01:31 12:57:24,408709.one,cbd7136dcdc7746124d93dc05d461ee5def7fc1b498183f453d4cb0c3b4926b6
20a53bf472b2696201345bbc9e350497.virus,2023:01:31 11:39:34,199733.one,c208df39ba0b0de732cb28abdb80c441610db5bb372dbdf02b7d175bfdf220f1
40c52c99030e76dcdb095156cd491b7f.virus,2023:01:31 11:41:56,216711.one,c7d7599d1b15460a05ca34cf94083ace81f124fb45590a32534ffd731e165345
31d81277e3d64cd08e63d527b771e61f.virus,2023:01:31 11:39:30,214184.one,0509712dfe63566fa33404ca468c927cf3d168b523ed88dbb981ed02c4b08bdd
d3a36f50ad96e8b796815c43fbd4315c.virus,2023:01:31 11:41:56,208036.one,50bebe4e6ebe9d176d66b5a731f47907d5b21933fe8ad053f44080ab45d6ed9c
b876eb5d55a3c3a97697e728cb97fa29.virus,2023:01:31 11:41:56,207504.one,af050daca5f4d4355b6d205f6c55cc196c204f26248f59dbfd245874fbbc4595
43da5b421fc5024d776b06a8354b636b.virus,2023:01:31 11:40:58,207323.one,697c90ea1b4048868ba820d2b7c8a5946fbd24e12102b4a10616c3ad4c02eaf0
841858.one.zip,2023:01:31 11:39:36,841858.one,366a6e1cc6deb47318976a138cd0bbdc3f9517127666239267d62eaf752ca398
5e2ca7b13d0a6a4bd035af4b53f65fdd.virus,2023:01:31 11:39:24,663722.one,4b136f6d52244fd5935dc9f86bf65c8109f4bd4436d66fd1ef567ecbf5a882ad
39dbe44f0b298e28c412300c903d3a9b.virus,2023:01:31 11:41:56,654954.one,b3bb7cbdf5351debeb193dbd8cf95a2d0c8cf1ed4b1c882622f476f50581d216
61e305abc86688fbb3ac164bc4690f57.virus,2023:01:31 11:41:00,661514.one,cfe2979a8181fcd771e842b3887445eb3a27583bd78e40db84dbc84253ed9c4c
066243c656749934832b15ed916626f2.virus,2023:01:31 11:40:58,647762.one,363050cec7e9b640f735838dda019f1504bb582345e66ce5593da132a3ba692d
d40ab0311f3d1e1b452fa6c26dfded5f.virus,2023:01:31 11:41:04,640833.one,46fd63d8d9c93cd3d828993b5bd62fd981531e92f2a04b8ea1f61314af496801
c65cd734fa484cfd2b6b25b6a3ce2a36.virus,2023:01:31 11:40:56,624899.one,f49c59ca7fb77d70a4e48a41782c913c44eaa09bed74c0fec31aacdcc6fea163
9fb4374d88ad073c3e3df50dbe51e219.virus,2023:01:31 11:41:06,619395.one,576992148347c40b712d911806e10bebb04cc00c8bf3faf34fdd484cf1b0847e
bf8211a105b61bfaef84f8861ab3ec34.virus,2023:01:31 11:41:04,547300.one,9c6553663dc29f93f4c1bd3be622fc13038e5aad50245e40a06e1b759132273e
e0d74428c61ebbf12925ff1a9e5b5c80.virus,2023:01:31 11:39:28,527271.one,07fcbef8badbdd24f567de57634a6bbb9e2e51c6ca710df2deb0b2d2c96adaf7
d25d5b668dce44e758dc18028d248207.virus,2023:01:31 11:41:56,509825.one,1dfece9923eee593db6e93ab9c3c132e3d9fb78e9b6c3d82f2eea675da776e0c
010ee712a80300ffd58c92912897c881.virus,2023:01:31 11:39:24,491928.one,866f673cf2afb4437819aa1309d067b97ff748d249be90e22a32e6993f218265
c75ce4700c4f84b7aca4b939f1ce319f.virus,2023:01:31 11:41:06,482787.one,4af7e437303971f9fef0db5ae8524ff99d729f295a2494420eade308e19f327b
7419f5f242bb53c375fdf1aae1982c11.virus,2023:01:31 11:41:56,480623.one,278167b37404bffedfad74d8f973aa9bc82dfbb5ea23c7f1fb9685c175626c3e
74b075afbeb540f8d3cb36ab1bb59b33.virus,2023:01:31 11:41:04,471395.one,b056b575aec325c4049cfc40988f6347995bea756e941b824ba546376632cc21
cb2d338f6afe8017ccd381d91c72824c.virus,2023:01:31 11:41:06,468684.one,63d531b9e2eacd400656cd938eef5ab6bd4515350414158b86171d88e75b6e1d
4e0a35d11dc1679dcc3252016d7c996f.virus,2023:01:31 11:41:56,461913.one,593087be349344f2c3929d416906649f8ce64049cb268d6eca767a3c5d9f1029
91e689785b123fa4fc46c7bcdb1c4eb3.virus,2023:01:31 11:41:04,447533.one,3799614e0955d23b52ac7e7f480053f1382c341cf2420b84b6f14bf811f78662
3b2deb0cebc4132f2e08a63be1fa3c15.virus,2023:01:31 11:41:08,747001.one,d02d51a21f115ef3ea963d707ddbea59bc2bf5b088681070804d8f8eb16ce0a1
c43d10adb961040ba9d8b94c0fd3b05f.virus,2023:01:31 11:39:30,731699.one,78efcc29872f4e0fb9a5f153de78b7ee3673e058da442fcb34e909270b7d64a3
1c5a9f8ebf800808316e79eec52ef16c.virus,2023:01:31 11:41:08,438197.one,dfa9ad43dd8cca87bd2b72e119b2b84caa96013658fbf569a85173870ca46132
b4e5cc6eb0ebd5e9fa10bdfa631d3276.virus,2023:01:31 11:39:34,436661.one,964ddda3c7c785e6927a00a05d7b7ed62e6beb4ca8e71c636a3aa934cbfbc2ee
81becad661840dbb085d8fe8144b0820.virus,2023:01:31 11:41:02,423327.one,f862712911dbefd83e9ed4a23d05a3fc99a4435473a4acf10ef0989aea3df694
722479.one.zip,2023:01:31 11:39:22,722479.one,2d9a0a2f4b0602865f81a475cadd54db4b5c2ebe9b1b6942d1b55599866844e1
61eb7752d3e1616c6d3660b66c5f0d4e.virus,2023:01:31 11:39:32,415538.one,6091a6be14c13b8c3b873755792335b5229d1c82653de48b7f8b527cd1f491c6
d3f1a16b9cd4cf612c45e1de52d650cf.virus,2023:01:31 11:39:22,714669.one,d1fbe43764daa354f565d34b8a6f818fe40ceb8526faa7d4d396c2b9c64a2302
6518eb138aee98b64de8a36223bafc6d.virus,2023:01:31 11:41:04,701389.one,51766c4ec48609b61fa16f91c31e1a1d4bfac277e40d46cc884369eae881633a
47e65b13d0ed0a226f5c3173c4e3ab27.virus,2023:01:31 11:41:56,394670.one,81c04bec7d626005db9ae8ca96f56030c872e954a397f8d5946296998ae64adb
32ce5a093f035bd0cfbd3961b85e7ce0.virus,2023:01:31 11:39:32,388415.one,a3f8535b9e6ea7cce36072271986c90d5339ce10247003c0e66671ec72d3bafe
9fd0cbefae045de7aa4eb715e65d65c4.virus,2023:01:31 11:39:24,693934.one,30c616c177312482a0945a5ecd40c70fb0f31254d47f09f9c86d633e822e2612
4e907fa49cff1671a5538185322a6a44.virus,2023:01:31 11:39:32,684824.one,4017d8bd435cf2f52a36c1db8388f811a0359b5908f45cab45dc388ea02f6971
3946168c6ab210766092d4ebd44af8fc.virus,2023:01:31 11:41:00,689020.one,c9b5d37f719c5b3995b28826dfd9d0a8708a775c8681aa812362d30baf80d5ea
be5f909cef937fd8252be4af61ea93a8.virus,2023:01:31 11:39:34,368531.one,49ae817921c53d0a3fcd84ed3005816e0a915f955be8f5317466e2e48d2dda84
4f8ab70b398520cc3c84c47fbbdc28b3.virus,2023:01:31 11:40:56,683717.one,301465c3629763352bea56703c39a902ef8c9408c4e44950bd1ac936f8617e60
6ee1dc8fd495395eea2298db493d47ed.virus,2023:01:31 11:39:30,674947.one,4dbe25845157155949c1946e2e0037b0b3068361ea492b450f943d23d90538df
da9f53943b1ec0a611abc9a7055c593d.virus,2023:01:31 11:41:56,364378.one,91831a42105dc03a5dd9ed1390e59250707e71d456bd9a4b31eca70c05052ced
fd55856eb758ea9e475cef9a966f5c34.virus,2023:01:31 11:40:56,352051.one,09024cba380dec7cf6efb2e7618707d7a06124f67a318330e0ec1256036d337a
6a61566c4cb2f14cd60d0ae5d54f6298.virus,2023:01:31 11:41:02,300299.one,abbbff0a81b8d4875992667af795cd26ca584c418b4d48b6ae872b5cade5b23f
475091.one.zip,2023:01:31 11:41:00,475091.one,c17d4b3405aa715f13eb7349e109bc42ce800733ad34a153474f6a720c918e92
b37b8ddd7ffc66c07d2ac3e4bcdb41ee.virus,2023:01:31 11:41:02,208101.one,6227db8a0814aad1d17e7a712021a39994007ae839f61c2490bc86664323ce94
400052.one.zip,2023:01:31 11:41:56,400052.one,2628ef56c4ebc10087bcf1018e3bb088876bb94a11bfe7a47d2f46bd5c1a703a
408ea3759846ccd464925bb2d54523c2.virus,2023:01:31 11:41:56,187168.one,17c27b5991326e3c6eb6410e3cf7ca78b5bd6b3bdb2bb87ef3e7a92b83cca808
b2ac26abfdb3b76fcd1a737482c282ce.virus,2023:01:31 11:39:26,198609.one,0a3560a519b077605da0f38a905ecaf71fa96a1b2fc6f33cd31782eb6398248b
864e52b6306956350073468f2f57ee35.virus,2023:01:31 11:39:22,189402.one,1ae70f414bc655780ea561c44210cc74f6791a76dc4fb4a6874ae862b796577e
72700196e5a1efc993ceadc604c2af23.virus,2023:01:31 11:41:56,189121.one,2e85b757b0bffd2bcda74906563b0b471d1e6e251ee37aeb581bb297fbab5d9a
e31bc8e1bb297281bf060f71eb38ac16.virus,2023:01:31 11:41:00,177730.one,4004720112dc8674cd74df274175cf87476ca2e57075a29ea4745a8debd30aac
d634ca1eff9cf1034c22a25b70278ebf.virus,2023:01:31 11:41:56,192968.one,37f0c382cbff30e37dd33cf045646b995bebdbbdf992f1658af9547f5cefd511
2111d80ab90bc6f606f9c1a66dea9bf9.virus,2023:01:31 11:41:56,184418.one,2c8fd524111bda500cfa847285423fa15ec3ab58d8c2f65be1199376478009e3
5c9cbf7ed83e78f6eeb66e396a4cca3c.virus,2023:01:31 11:41:04,185785.one,eac87bae921cdbd1c70496447a0407307205cbdd43ac314987aff66842326bb8
b61e5672359379ad894debd563797dfc.virus,2023:01:31 11:41:02,182448.one,67e5af6170020ea20a0867c7a9d231354b650089fd2bc63f11b3c41f8d5fc533
496b14525febf8d524dcf646e004ba98.virus,2023:01:31 11:39:36,181087.one,47e098fa4c5c376458fae261b1c66f7ac232399da7bf940fd8348a83facedfd3
c49de1af8d80dadc97b9a1ffa71fbc48.virus,2023:01:31 11:41:56,179797.one,9bd74243aee04e952cd0fcaf5018d11040e105c13992f5b9a403a72abdfb8e24
e9841eb7fe8a5d5f1dc65a9e95192517.virus,2023:01:31 11:39:36,178899.one,dd60ef615ad7607f419d6b6a9bd8536e2f7a8772ec33537d72d28d7aafb0c1e5
d010caf5e6aedef7feaebfb52b32a191.virus,2023:01:31 11:39:22,150412.one,e0a7090234e0ea766f9aa64b59508c49490c653eac96e13cc5775576e5bb37b6
e26f4645daa83e23e93fe7a7bb54fdf9.virus,2023:01:31 11:41:56,152075.one,741c10d39db2506e9c6b558c25a7424c490c9152725bba4919d77a12d4e9f169
11013d9438410b776c28e45ffc08c3b5.virus,2023:01:31 11:40:58,155114.one,194cee394f47ae52bea216013e8ea6b5ed9d059b7b0a0054ba2e3f1ab3603b09
1ba3f022eac15edb50c29cde5b2e6edb.virus,2023:01:31 11:41:02,148977.one,a1ae1f8066b4f184c32ad6e024f4dffcf0034b6b5fd67f0f0c55fe6fef460f7d
688a259220add5cc79aa90a2c99fe819.virus,2023:01:31 11:39:34,147243.one,c8dea26eea79f7764693a54994d3d153f0049a7efc25a98cf1d0d0ae534aadf6
a37e9113b113b7ffb19c47c4f7a2733b.virus,2023:01:31 11:39:38,153316.one,695fca97d85e1e6a23476ceca7ec12896cf045ca04264ce8704187d1c4d20098
b5c8cd4ed62cae5e39a06d2db3a926a2.virus,2023:01:31 11:41:56,150312.one,112ce74457de4a77dd7eba1c3818d7c1f64edfd3b40a4deb493da98c7d64ee46
10d066311608567c34c6b7396d1e8a43.virus,2023:01:31 11:39:34,146057.one,ccc45c678a6f5185428bd39ad6d2dc9759e553dc1043c94fa8f9375575661eeb
e19b08d8f695f8bc1e7b05e9df0a34e0.virus,2023:01:31 11:41:56,145160.one,81a6d33ec8694f62669a07b3227bb993087031e3bfa20cfcd49570bbd09a5a1a
851862.one.zip,2023:01:31 11:39:32,851862.one,65d5c352e070e33d6c7f65ac3dfa3e359a898c6dc37139133390dbef4a0973cb
zbetcheckin_tracker_CRR.php?,2023:01:31 11:39:32,738736.one,289a87a371a0db65ee3714aa4dafa26666ae9e995bc6a43e91f2ea7d5db7fd1f
/SOU.php,2023:01:31 11:39:36,176279.one,1d510e91ade952fa39b3b7a5a9bb144057651076c04c4d1a870bcb274e9092b5
700030.one.zip,2023:01:31 11:39:30,700030.one,64f00b2ed955b535130d6927b256d37676b3d821a16e418417e0d0154b56a518
344327.one.zip,2023:01:31 11:41:56,344327.one,9e32b53206ad0b58fb2731b15c8f4e9dd513a88b1eb6c6738fa13eb2e5343ce3
279607.one.zip,2023:01:31 11:39:34,279607.one,2164311b3b574d5c2db95d568408ef02e4afbf67cc2634cc06a4f3a91d1273be
356943.one.zip,2023:01:31 12:59:50,356943.one,61dbf2d21cde993a671df2a8493b7053f7357b0e7bb4e9bbdcbc295e91fecb21
275340.one.zip,2023:01:31 12:59:02,276846.one,61a74144246d8fe543ff8e7255f90305b1ff708207b830e05007b4f155f2415c
351487.one.zip,2023:01:31 11:41:56,351487.one,1c44458082fc7a0d4474fb649d89fa05428447909104a90a6e7c5bbc9ee5d18b
C:\Users\user\Downloads\7f661609-9303-408e-8cb6-20a45948566c.tmp,2023:01:31 11:39:32,529093.one,7804112b3732c65ef3c877b50161f40913f6fc6f27bc8ee31183a8b8527d8253
531645.one.zip,2023:01:31 11:39:32,531645.one,1573133121cec1eef93fbb0e2d63f93c8786e1778df08d6052f301fffc9bba6b
313851.one.zip,2023:01:31 11:41:06,313851.one,2ca8da41942dd72d13967c3fbc194c67fdc0a29326e5747d53f82b2b6e9f3ff1
715042.one.zip,2023:01:31 11:39:24,715042.one,0917b9257313c369c84b50c47728934fee1ef13b94afafd3dd9837c3c6b504e5
808006.one.zip,2023:01:31 11:39:30,808006.one,3c2cb3a147dc79bcf4a93014b40c223386d2f7c912c5ae7e08c6736af7c38448
393532.one.zip,2023:01:31 11:40:58,393532.one,16afb0c0fd329305bfcbeb4d3cc272758a37493fd1cab4ed6746f23a6faecdb5
849184.one.zip,2023:01:31 11:41:08,849184.one,55fa1207afadc9628cb281e8804e321d54697131700d36d4e01ff7b13f5ce64a
612217.one.zip,2023:01:31 11:41:56,612217.one,c813412750b1b9a0e6dbf5adf7e4da081f891baaa18d2bb39efc28715f2910c2
202471.one.zip,2023:01:31 11:39:36,202471.one,149b474583d9c311832b3b2a1c8d3bbb52e78792288956cc50a7325ab6c63d18
175332.one.zip,2023:01:31 11:41:56,175332.one,eab1db27bff06869eb0db3f4e2ba1a9597ffd7a1c32c2457607a02201875a07b
157782.one.zip,2023:01:31 11:41:56,157782.one,2c045df8a0c8275a75f153481d885729c6695e72ce1424de535d14ac85817502
160451.one.zip,2023:01:31 11:41:56,160451.one,bb5d29415f5fbfea81b6745416d4e3205d6d8f1c249f3a9644805530c6bc9317
/TIL.php,2023:01:31 11:41:06,213145.one,3252908aab7b45ea2a5ce05262b3957018b20689a0717321500b321df7e4cbda
145648.one.zip,2023:01:31 11:41:56,145648.one,f2c8f0fe3c1914e10110d512ff386070166280e2857864d3f838513ab001a130
293959.one.zip,2023:01:31 11:41:56,293959.one,f1e4cc4f34f7ee2876c3978d7bbf4b27eb8d42348aa137f0158093c8ce794e21
830913.one.zip,2023:01:31 11:39:34,830913.one,31c3a8b7505c6dfe7784de00534a0b80be81891d4cbe4577b73a3d4456a49ce9
332396.one.zip,2023:01:31 11:40:56,332396.one,d9f3cd49459ae101cf863766ddd04065fc2bb013c8e7e449ae87833cc18c7cb4
383114.one.zip,2023:01:31 11:41:56,383114.one,1f128b9e33f77279a0bf750c3065f1389c11c67279cb1315dc7d13bc77736d37
776812.one.zip,2023:01:31 11:41:04,776812.one,0b2875c1caace4df90c0998b8b8e7a516cfac67b7ad8003a176eb78fa07baa68
678676.one.zip,2023:01:31 11:40:58,678676.one,0fc5a76de8dbf7cd555864bd1d9272d8faabbd03be6d8da8739d6c07a9680d70
886048.one.zip,2023:01:31 11:40:56,886048.one,5621e9e555bbdff63300c9cf7786834e7cec4d941655bc1a6a02e0bf47c53178
541892.one.zip,2023:01:31 11:41:04,541892.one,462ddcfdf99a507d2aa5130a4cef3b95cd9faaea729d520a9276cc4c7081575f
277441.one.zip,2023:01:31 11:40:58,277441.one,c6424dbe4b557f04bfef2632146ecffa6fb6cc9bd4ba0b7d86be183e8d1ab95f
750741.one.zip,2023:01:31 11:41:56,750741.one,7595e3eb38501e49897d5653c654671bc63229a45285455c7092a0542d7d4507
